index,Color Factor,S and V Factor,Quantity Factor,Score,Cell Count,Nucleus Area,Nucleus Perimeter,Nucleus: Circularity,Nucleus: Max caliper,Nucleus: Min caliper,Nucleus: Eccentricity,Nucleus: Hematoxylin OD mean,Nucleus: Hematoxylin OD sum,Nucleus: Hematoxylin OD std dev,Nucleus: Hematoxylin OD max,Nucleus: Hematoxylin OD min,Nucleus: Hematoxylin OD range,Nucleus: Eosin OD mean,Nucleus: Eosin OD sum,Nucleus: Eosin OD std dev,Nucleus: Eosin OD max,Nucleus: Eosin OD min,Nucleus: Eosin OD range,Cell: Area,Cell: Perimeter,Cell: Circularity,Cell: Max caliper,Cell: Min caliper,Cell: Eccentricity,Cell: Eosin OD mean,Cell: Eosin std dev,Cell: Eosin OD max,Cell: Eosin OD min,Cytoplasm: Hematoxylin OD mean,Cytoplasm: Hematoxylin OD std dev,Cytoplasm: Hematoxylin OD max,Cytoplasm: Hematoxylin OD min,Cytoplasm: Eosin OD mean,Cytoplasm: Eosin OD std dev,Cytoplasm: Eosin OD max,Cytoplasm: Eosin OD min,Nucleus/Cell area ratio,class
71,2716.824832,1,1,0.8838404,429.84,22.35004,19.6112,0.73996,7.53128,4.12268,0.78976,0.78956,73.57568,0.20048,1.217,0.35416,0.86268,0.338,32.146,0.14328,0.61088,-0.00152,0.61244,73.67396,33.76024,0.78704,12.61248,8.11088,0.72,0.2438,0.12728,0.61764,-0.0286,0.19548,0.14936,0.74232,-0.01008,0.19892,0.08624,0.49748,0.0216,0.30232,FALSE
34,140.5398055,1,0.639709443,0.661289031,241.1840194,24.31140678,21.76095642,0.642755448,8.269951574,4.445179177,0.800062954,0.225002421,23.43185714,0.082280872,0.445476998,0.053181598,0.3922954,0.254,26.71151332,0.074808717,0.419769976,0.076803874,0.342992736,110.480862,40.42211138,0.803401937,14.85245521,9.953619855,0.699307506,0.178360775,0.081857143,0.431154964,0.017619855,0.067075061,0.056157385,0.286891041,-0.043355932,0.153881356,0.064966102,0.371799031,0.023302663,0.230489104,TRUE
94,1109.443247,0.957484794,0.998568873,0.869038032,296.6050089,33.5322873,25.40847478,0.663570304,10.17397925,4.563150626,0.831642218,0.408089445,56.06100716,0.136065474,0.806353131,0.135065832,0.671297674,0.227833274,32.00412057,0.080379606,0.423901252,0.014984615,0.408902326,106.8855857,41.03704651,0.76429839,15.65354705,9.314259392,0.75002254,0.180745259,0.073656172,0.43022254,-0.008398211,0.113155635,0.086690161,0.461282648,-0.030327728,0.158950268,0.057206798,0.361401789,0.025764222,0.30640322,FALSE
85,4941.534143,0.881034483,0.990344828,0.884269621,461.85,24.26459483,20.08798966,0.750234483,7.534827586,4.48457931,0.763598276,0.415463793,42.13129138,0.128787931,0.768372414,0.15027069,0.618101724,0.185705172,18.86886034,0.079053448,0.370144828,-0.027743103,0.397877586,68.94568621,32.5442431,0.79442069,12.09006897,7.929008621,0.710024138,0.154844828,0.078055172,0.393846552,-0.055075862,0.140562069,0.100158621,0.48692069,-0.030822414,0.137132759,0.068531034,0.351762069,-0.02372931,0.348465517,FALSE
43,1356.270738,0.946994382,0.970037453,0.840619934,228.7462547,29.01233521,23.2573118,0.659911049,8.873687266,4.753848315,0.800477528,0.278388577,34.92817135,0.096246255,0.547399813,0.082289326,0.465104869,0.183886704,22.88149064,0.06218633,0.332555243,0.025854869,0.30671161,118.5960459,42.07388109,0.799825843,15.51819663,10.28255524,0.70598221,0.147135768,0.066729401,0.349027154,-0.013358614,0.091822097,0.061311798,0.331394195,-0.027072097,0.134154494,0.060850187,0.318328652,0.000423221,0.245039326,TRUE
112,2083.186979,0.99218663,0.632311978,0.78222266,310.7256267,21.08588997,20.40794429,0.656519499,8.115366295,3.830655989,0.834402507,0.37302507,33.98874791,0.128122563,0.679566852,0.125232591,0.55432312,0.200603064,17.60957799,0.066416435,0.346371866,0.048511142,0.297864903,99.52693733,39.01973538,0.792359331,14.55021866,9.361431755,0.721222841,0.128321727,0.079288301,0.356246518,-0.006291086,0.081841226,0.068764624,0.376089136,-0.003206128,0.107544568,0.067888579,0.307923398,-0.00264624,0.217076602,FALSE
59,552.1561989,0.721421233,1,0.848530514,303.2585616,24.06529623,21.27877055,0.678873288,8.440878425,4.07482363,0.821424658,0.357919521,36.24461986,0.123707192,0.683799658,0.118696918,0.565111301,0.196053082,19.81741952,0.072039384,0.363623288,0.020731164,0.342871575,99.12979623,39.12745205,0.78630137,14.69733219,9.273669521,0.728446918,0.173535959,0.078618151,0.457320205,-0.008840753,0.093457192,0.072311644,0.372967466,-0.052686644,0.165472603,0.074224315,0.426792808,0.015321918,0.242996575,TRUE
115,1086.471577,0.988829787,0.98097622,0.855838942,278.6076345,29.67532353,23.1187622,0.674176471,8.687905507,4.88509637,0.789638298,0.305105131,39.52890801,0.102842303,0.596178348,0.095357947,0.500809762,0.24031164,29.62507071,0.057961827,0.385243429,0.097031289,0.288204631,112.0358473,41.02507009,0.795452441,15.12892741,10.05341927,0.705652691,0.185429912,0.075998123,0.39331602,0.012816646,0.104460576,0.066750939,0.353994368,-0.007242804,0.16486796,0.069501877,0.340459324,0.0142403,0.261480601,FALSE
142,8668.896586,1,0.945066667,0.867843733,289.2853333,26.384586,21.44700467,0.715996667,8.032931333,4.637646667,0.763959333,0.578592667,65.22070867,0.135362,0.895418667,0.286272,0.609152667,0.250634667,26.96525533,0.07115,0.408779333,0.076994667,0.331788667,97.236428,37.98855133,0.801924,13.99706333,9.328199333,0.698283333,0.179145333,0.089691333,0.419618667,0.004966,0.204724667,0.121496667,0.601885333,0.018128,0.151704,0.077998667,0.355765333,0.009434667,0.281515333,TRUE
46,88.99214474,1,0.438747554,0.524820832,117.2162427,22.96292172,19.78300391,0.746613503,7.719293542,4.164296477,0.766995108,0.338995108,32.2117544,0.123524462,0.637609589,0.085683953,0.551915851,0.267431507,25.96613405,0.088050881,0.447726027,0.048899217,0.398818004,141.4603366,44.84886399,0.857553816,16.29098924,11.39325538,0.661928571,0.159840509,0.098696673,0.473250489,-0.017840509,0.044023483,0.055611546,0.302530333,-0.06891683,0.137451076,0.081608611,0.428681996,-0.007439335,0.164874755,TRUE
184,435.9720017,0.908687196,0.847974068,0.772037058,99.16693679,31.97425243,24.76621191,0.647520259,9.493084279,4.94540154,0.811582253,0.273732982,36.74340073,0.085463128,0.497632901,0.101482982,0.396158023,0.216470421,27.97804579,0.052192869,0.341324149,0.095120746,0.246191248,155.5053902,47.50365194,0.82482577,17.43130754,11.74404295,0.696076985,0.180316856,0.062878849,0.363822528,0.037269854,0.086815235,0.055793355,0.304726094,-0.01822731,0.169694895,0.057912885,0.335103323,0.038604538,0.208104538,FALSE
30,1141.777065,0.838371526,0.994539249,0.863498547,412.2710873,28.40177913,22.26950804,0.708292053,8.378991224,4.738526085,0.779131643,0.425730375,49.8010902,0.133257435,0.796207704,0.148800098,0.647406143,0.295227206,34.73772891,0.08394783,0.492877621,0.071307655,0.421573379,77.45890492,34.47742077,0.784632862,12.85446563,8.294333983,0.717060946,0.265469039,0.083194052,0.506805461,0.036656265,0.163270112,0.10567528,0.530488542,-0.028298879,0.248309605,0.074008289,0.457649439,0.066912725,0.3566353,FALSE
188,413.2291431,0.984465669,0.888487352,0.812609468,114.2860093,35.83635312,25.48869902,0.665415591,9.683849251,5.223223542,0.7962984,0.260464636,40.1714414,0.085703665,0.49085906,0.08098348,0.409863707,0.249552917,35.41933196,0.058092411,0.3889143,0.108407847,0.280488384,161.6081781,48.1420031,0.826368095,17.59375116,11.98545844,0.686933402,0.178559112,0.08119205,0.417966443,0.011678885,0.076896231,0.055378936,0.309803304,-0.023940114,0.159199277,0.072957666,0.377482705,0.012164688,0.216088797,FALSE
128,110.9299529,0.952547584,0.795412396,0.736815671,62.95656418,30.46833529,24.66167106,0.641204002,9.605396291,4.781377257,0.818551977,0.167516837,20.57521767,0.065122987,0.347030259,0.041354319,0.305661786,0.181968765,22.55992045,0.047657882,0.300491459,0.074195705,0.226288921,177.9230903,50.38573548,0.853529527,18.38971742,12.60129575,0.67951879,0.136801367,0.056357247,0.314479746,0.010519766,0.045818448,0.036774036,0.202993167,-0.022873597,0.127216203,0.051420693,0.271906296,0.011015617,0.173224988,FALSE
157,1623.141013,1,0.531804767,0.778021959,289.0419977,25.64643042,22.82168173,0.614871283,8.778459932,4.400112826,0.821849035,0.264108967,28.60137707,0.097584109,0.520261067,0.068356867,0.45191941,0.237110102,24.97948082,0.073108513,0.40217798,0.069883768,0.332300795,102.1826066,39.39346901,0.785292849,14.60820522,9.487572304,0.714922134,0.153842452,0.092214529,0.413461067,0.002469921,0.081408173,0.060697389,0.332364359,-0.00461748,0.1244958,0.076120091,0.356426334,0.004040863,0.250730533,FALSE
106,545.5034691,0.96244375,0.4155,0.662252025,106.79,33.12567063,24.83922813,0.67557875,9.624455,4.937215,0.799455,0.276728125,35.70532813,0.08736375,0.500583125,0.09911625,0.401486875,0.261089375,34.29306188,0.058928125,0.38665125,0.114089375,0.27255875,160.29601,47.626245,0.83509625,17.45765875,11.81580875,0.68324875,0.181248125,0.088448125,0.4002425,0.01264625,0.067655,0.050480625,0.27629875,-0.018615625,0.161090625,0.0802875,0.36476125,0.013848125,0.215355,FALSE
0,117.8081894,0.80754717,0.2,0.207228915,56.53301887,21.10115566,20.73542925,0.639103774,8.458443396,3.706334906,0.857386792,0.326806604,29.59059906,0.131179245,0.627127358,0.081882075,0.545240566,0.134566038,12.24682075,0.067212264,0.280330189,-0.017735849,0.29804717,154.4340142,46.95123585,0.858268868,17.17083491,11.74263679,0.68229717,0.086443396,0.058641509,0.29684434,-0.04620283,0.053004717,0.049731132,0.288551887,-0.037349057,0.07784434,0.051061321,0.268580189,-0.027919811,0.138320755,FALSE
17,473.3988491,0.560018553,1,0.834839852,194.8376623,26.2430102,22.76679777,0.643512987,9.182065863,4.106925788,0.85130705,0.344467532,37.42277087,0.110601113,0.625685529,0.124197588,0.501518553,0.219463822,24.54779592,0.067407236,0.368860853,0.053386827,0.315475881,127.0836494,43.84661224,0.798282004,16.42354917,10.41498701,0.729010204,0.168100186,0.061522263,0.37825974,0.016994434,0.101519481,0.058886827,0.346782004,-0.019852505,0.153502783,0.048883117,0.329903525,0.033718924,0.208297774,FALSE
83,157.3672498,0.965767123,0.630684932,0.663615671,153.4054795,19.98956027,19.56764932,0.673730137,7.803635616,3.712250685,0.827354795,0.332132877,27.34155479,0.142457534,0.669391781,0.065636986,0.603715068,0.140936986,11.95086849,0.079778082,0.316217808,-0.040524658,0.356736986,125.2748616,42.73925479,0.831315068,15.71386849,10.58294247,0.691406849,0.125976712,0.072438356,0.356519178,-0.063421918,0.059235616,0.062646575,0.338194521,-0.056791781,0.122483562,0.067879452,0.335390411,-0.025920548,0.16399726,FALSE
9,1984.058288,0.810571429,0.979428571,0.861143414,426.7671429,23.57851143,19.02103143,0.805652857,6.953864286,4.573482857,0.705884286,0.408787143,40.31914143,0.1605,0.857368571,0.093312857,0.764047143,0.176441429,17.09566143,0.088045714,0.380905714,-0.05222,0.433148571,73.06585571,33.09866286,0.811927143,12.18657857,8.251261429,0.685351429,0.157854286,0.079105714,0.40415,-0.066154286,0.109474286,0.092244286,0.46795,-0.039788571,0.148995714,0.067554286,0.358322857,-0.005712857,0.324328571,TRUE
113,10009.81076,0.858075773,0.974875374,0.883951839,247.2921236,33.10583998,24.89291974,0.658137089,9.628841974,4.907592223,0.810662512,0.336637089,45.37191027,0.098826022,0.614570788,0.135298106,0.479277168,0.142077268,18.2345997,0.050695912,0.282483549,0.033285145,0.249176969,121.8988504,42.96772283,0.785525424,16.06915055,10.2277328,0.725710867,0.117552343,0.062371386,0.339523928,0.003282154,0.140258225,0.064865404,0.38915653,0.014372881,0.108797607,0.058929711,0.307254736,0.007591725,0.269315055,FALSE
156,3731.498843,0.969021372,0.937007874,0.869482126,302.1535433,27.21038245,22.46744826,0.664731721,8.568508999,4.579504499,0.800924634,0.352615861,41.93335096,0.116307087,0.665274466,0.126883015,0.538398763,0.169304274,18.65091564,0.054556243,0.301032621,0.04487739,0.256149606,103.4363695,39.611018,0.789060742,14.71318504,9.580084927,0.714740157,0.135380765,0.062059618,0.313013498,0.002592801,0.114012936,0.072972441,0.388556243,0.004131046,0.12394207,0.057995501,0.285653543,0.006876265,0.26140045,TRUE
88,39.103819,0.725162075,0.98897893,0.726165462,135.2714749,28.2367658,23.28374149,0.654298217,9.476794976,4.204230146,0.84902269,0.308880065,37.01324716,0.114452188,0.607197731,0.082397083,0.524801459,0.217020259,25.2931953,0.064175851,0.370858185,0.061564019,0.309299838,150.6580665,47.07682496,0.823241491,17.54938412,11.34675365,0.716712318,0.19371637,0.072253647,0.416281199,0.009383306,0.053940843,0.058158833,0.29958671,-0.066446515,0.188250405,0.070623987,0.400945705,0.02076175,0.18584846,TRUE
180,446.5478251,1,0.95752523,0.82787,231.5897323,32.11477139,24.34418429,0.657863537,9.064168495,5.113555946,0.785205353,0.349110136,47.71847828,0.122558578,0.693147872,0.093390083,0.599757789,0.35727161,47.05736814,0.084248793,0.559100921,0.147922334,0.411169811,122.9295972,42.78462615,0.795835015,15.75223256,10.48108293,0.704912242,0.264493638,0.121061869,0.586122422,0.021858271,0.1115362,0.084785432,0.445096095,-0.036918385,0.23159061,0.111057481,0.528436156,0.023394032,0.25836595,TRUE
32,4990.705357,0.995578035,0.983429672,0.885442967,402.1189788,29.59772688,22.42347784,0.716706647,8.220523121,5.036654143,0.754122832,0.513093449,63.24760838,0.174326108,0.996342967,0.152973507,0.843375241,0.254289499,31.05380684,0.098421484,0.483317437,-0.010221098,0.493540462,79.57536994,34.8316999,0.792930154,12.84825482,8.568291426,0.700023603,0.213370906,0.097169075,0.495894027,-0.043780829,0.197171002,0.125431599,0.638622832,-0.022759634,0.189302505,0.083549133,0.434286127,-0.003171965,0.358573218,TRUE
179,197.4388505,1,0.313624679,0.611273657,99.10154242,28.77684383,23.50022622,0.660116324,9.255030206,4.501939589,0.823023779,0.327820051,39.90010026,0.110291774,0.601938946,0.107900386,0.494039203,0.276885604,32.68267288,0.06801928,0.429242931,0.114839332,0.314415167,145.9179075,46.24931877,0.822255141,17.03567674,11.35255527,0.697960797,0.197154884,0.092325193,0.445926735,0.011950514,0.067350257,0.056785347,0.317102185,-0.025590617,0.176917095,0.08315874,0.394277635,0.012897172,0.197443445,TRUE
111,7190.301864,0.999777487,0.728795812,0.841594223,277.9838569,30.66334511,23.09529843,0.711565881,8.913071553,4.764966841,0.796779232,0.502017888,67.76438002,0.135752182,0.829112565,0.218111257,0.611004363,0.18823822,24.27301527,0.058476876,0.332069372,0.048715532,0.283349476,112.8407709,41.28897557,0.795740401,15.35612042,9.996970332,0.71372993,0.134660995,0.069486911,0.347517016,0.001908377,0.137676265,0.089823735,0.484856021,0.009140052,0.114842496,0.056777487,0.288107766,0.005987347,0.270364747,TRUE
70,157.3338155,1,0.654066986,0.676425628,129.2978469,27.68163935,24.08067404,0.600141746,9.503775718,4.373825359,0.847992823,0.308895933,38.71560227,0.105389952,0.574962919,0.096046053,0.478911483,0.23329366,27.60434211,0.076162081,0.400745813,0.058676435,0.342079545,134.5669689,44.71307955,0.802412081,16.55727153,10.7857811,0.713172847,0.194497608,0.093675837,0.442065789,0.004073565,0.081294258,0.068585526,0.351605861,-0.0513439,0.18345634,0.090899522,0.42335945,0.01324701,0.208934809,TRUE
105,526.5648,1,0.398360656,0.688755133,154.0706967,24.66660758,21.3056332,0.694446721,8.447026639,4.168545082,0.821165984,0.29970082,31.10009734,0.097086066,0.535905738,0.099086066,0.436832992,0.234375,23.99034631,0.055651639,0.358877049,0.095785861,0.26311168,125.1409232,43.06935758,0.815842213,15.94033402,10.52262602,0.707281762,0.149776639,0.078760246,0.369168033,0.00217418,0.072042008,0.05129918,0.295257172,-0.011536885,0.127754098,0.065553279,0.310231557,0.004289959,0.203605533,FALSE
172,240.9393276,0.9575,0.535519126,0.672124713,102.1543716,26.84798087,23.81593443,0.60927459,9.581385246,4.209710383,0.84885929,0.257703552,29.31343852,0.103978142,0.539378415,0.05652459,0.48286612,0.232411202,25.80787842,0.071556011,0.405419399,0.069077869,0.33632377,149.8847036,46.80673361,0.818580601,17.37772814,11.23896858,0.712856557,0.14886612,0.084551913,0.42015847,0.000230874,0.064393443,0.054845628,0.315778689,-0.024045082,0.128624317,0.072180328,0.361459016,0.001460383,0.185954918,FALSE
130,245.8822593,0.685916914,0.98694362,0.81414151,223.5691395,31.49741009,23.96442878,0.673386647,9.056164392,5.02255727,0.791281899,0.225467062,29.10626231,0.09211276,0.498708309,0.043535015,0.455171217,0.262561128,33.67426795,0.059223442,0.403779228,0.119750148,0.284033234,128.1177659,43.71539199,0.801526409,16.12820534,10.70422374,0.707324332,0.235882493,0.073418398,0.425100297,0.035418991,0.057666469,0.053227893,0.277469436,-0.040260534,0.227372107,0.072943027,0.405923145,0.036487834,0.247715134,TRUE
69,1970.682281,0.795209302,0.699844961,0.790155426,276.3317829,24.74261395,20.10336434,0.7594,7.801665116,4.30291938,0.782826357,0.358127132,38.18091783,0.109,0.63992093,0.139162791,0.50075969,0.137620155,14.55686667,0.061108527,0.276813953,-0.020863566,0.297643411,104.2854496,39.64262481,0.807522481,14.71461395,9.696745736,0.707308527,0.109727132,0.053669767,0.291968992,-0.040468217,0.092020155,0.063246512,0.33720155,-0.026582946,0.099793798,0.045458915,0.26287907,-0.014688372,0.239282171,TRUE
26,382.3645271,0.833717694,1,0.833558648,210.7654076,29.53800596,22.48892843,0.716089463,8.597069583,4.790363817,0.780119284,0.360530815,47.02929026,0.1082167,0.647439364,0.136787276,0.51066004,0.212570577,26.45569583,0.0632167,0.365003976,0.051701789,0.313302187,127.6855507,43.46271571,0.814399602,15.97805765,10.74646123,0.694950298,0.191737575,0.06682505,0.397884692,0.007198807,0.093049702,0.069789264,0.357304175,-0.047695825,0.18473161,0.063854871,0.37517495,0.023548708,0.22927833,FALSE
74,267.1725592,0.996005222,0.933159269,0.812300966,311.7911227,26.78053786,21.84732637,0.705490862,8.509449086,4.429597911,0.803853786,0.398986945,44.38003394,0.141926893,0.779835509,0.114697128,0.665143603,0.285193211,31.60809922,0.087746736,0.491772846,0.066715405,0.425033943,96.04492689,38.43162663,0.786289817,14.40631332,9.166365535,0.727169713,0.247086162,0.106509138,0.60935248,0.01913577,0.08078329,0.089292428,0.430477807,-0.087704961,0.231806789,0.10232376,0.578234987,0.040671018,0.28221671,FALSE
152,2524.80655,1,0.358834803,0.72337056,180.9471062,31.31136374,23.97347144,0.666377156,9.085864699,4.939551169,0.792521273,0.319090839,43.03029858,0.111206209,0.631681487,0.09554197,0.536143733,0.219012649,26.62955692,0.073821771,0.403738214,0.057183212,0.346540054,136.0436359,44.48763051,0.812090073,16.3192706,10.99678191,0.69474013,0.138335378,0.089932924,0.428958605,-0.002205826,0.102642775,0.066030663,0.38460138,-0.009534688,0.113557302,0.075380222,0.364777309,-0.001023764,0.22971675,TRUE
119,1241.710199,1,0.484662577,0.751099402,168.4716258,30.68860966,24.07258052,0.659638037,9.203690184,4.876055982,0.800479294,0.315701687,41.99132975,0.102993865,0.594299847,0.102421779,0.491875,0.27030138,34.47832669,0.065918712,0.422125,0.10745092,0.314683282,129.1531879,43.73204525,0.805071319,16.09683666,10.73564187,0.700197853,0.170299847,0.098239264,0.436667945,0.006835123,0.096947086,0.064581288,0.361570552,-0.008292945,0.13673773,0.07989954,0.373177914,0.007491564,0.242103528,FALSE
78,350.1566916,0.918124531,0.983195799,0.82403841,379.8867217,24.65974269,20.83721305,0.713350338,7.981750938,4.359514629,0.797316579,0.454477869,47.34141485,0.152387847,0.846738935,0.148765191,0.697979745,0.322256564,33.39525281,0.096614404,0.536165791,0.080725431,0.45544036,82.87983721,35.78939235,0.786453863,13.34990398,8.621395349,0.720545386,0.267573143,0.093977494,0.554528882,0.046783946,0.096781695,0.096825206,0.465299325,-0.05808027,0.242911478,0.077133533,0.485577644,0.082263316,0.297250563,TRUE
42,1174.33821,1,1,0.871337945,458.7305936,20.50439726,19.25984932,0.711269406,7.479484018,3.934584475,0.79847032,0.717534247,61.26184932,0.198210046,1.138360731,0.289771689,0.848598174,0.39060274,34.36792237,0.144502283,0.659141553,0.038086758,0.621041096,69.43313699,32.87896347,0.786091324,12.32215525,7.858164384,0.722561644,0.314091324,0.144789954,0.704922374,-0.013849315,0.190757991,0.156913242,0.718287671,-0.061401826,0.277178082,0.121561644,0.627853881,0.025780822,0.294840183,FALSE
21,2180.161747,1,1,0.876567927,403.5853659,22.32990244,19.47073171,0.738219512,7.337914634,4.221646341,0.771621951,0.905804878,86.74471951,0.232512195,1.390939024,0.382926829,1.008073171,0.346195122,33.74462195,0.158365854,0.648987805,-0.047512195,0.696536585,77.86486585,34.28269512,0.795621951,12.68257317,8.381585366,0.705817073,0.272609756,0.130621951,0.658756098,-0.076060976,0.210170732,0.178402439,0.870231707,-0.029914634,0.236902439,0.094439024,0.540512195,-0.001,0.289097561,TRUE
193,90.14758927,0.341638225,0.998829839,0.741532131,34.33593369,31.34082545,24.61513262,0.656808386,9.822013652,4.51005607,0.829535349,0.237176987,29.62322623,0.092198927,0.485858118,0.055803023,0.430078986,0.212091663,27.10658216,0.056193564,0.350664554,0.078686494,0.271998537,186.1435861,51.01474598,0.864714286,18.65435592,12.68204144,0.671349098,0.173075573,0.056130668,0.363058996,0.02221843,0.057145295,0.04276353,0.247534861,-0.027223306,0.164935154,0.050840078,0.3162745,0.024575817,0.165555339,FALSE
120,677.78758,1,0.2,0.59591,86.5,30.141,24.559,0.622,9.6,4.575,0.833,0.346,41.8425,0.124,0.6495,0.102,0.5475,0.287,34.997,0.0925,0.472,0.083,0.3895,146.6245,46.3225,0.8215,16.8445,11.51,0.682,0.165,0.1085,0.4865,0.0075,0.089,0.0625,0.384,-0.0155,0.1355,0.087,0.4145,0.01,0.2045,FALSE
167,1319.256481,0.994475524,0.604662005,0.765617669,222.6013986,26.63353846,22.80894172,0.635039627,8.722941725,4.538079254,0.812405594,0.301020979,34.07732634,0.117191142,0.624853147,0.071659674,0.553177156,0.247606061,26.60226807,0.075571096,0.418678322,0.073554779,0.345111888,111.7302075,40.76229371,0.796785548,15.03988112,9.942897436,0.7065338,0.170958042,0.093153846,0.432706294,0.00781352,0.094475524,0.06834965,0.382342657,-0.013538462,0.145016317,0.079738928,0.376762238,0.010193473,0.243473193,FALSE
173,395.7841774,0.998250429,0.609605489,0.709380901,82.18782161,26.71732033,21.43969683,0.733629931,8.092669811,4.643856775,0.736423242,0.384940823,43.1589717,0.123576758,0.679797599,0.136526587,0.543263722,0.307410377,32.88175,0.092874357,0.497673671,0.102741424,0.394921098,144.3430364,45.1715,0.852145369,16.25807847,11.5708542,0.641617496,0.198891509,0.123230703,0.541443825,0.008855918,0.075886792,0.061578902,0.35985506,-0.030275729,0.172553602,0.107716123,0.4900253,0.010194254,0.188394082,FALSE
60,646.2591201,0.996628895,0.924457035,0.825587724,297.8857413,24.81513126,21.32287441,0.690601511,8.303214353,4.259258735,0.809877243,0.48795373,50.42509726,0.173160529,0.94411898,0.147111426,0.797010387,0.251924457,26.44668178,0.09476204,0.464199245,0.007159585,0.457080264,93.64038244,37.77380925,0.789751653,14.10066667,9.078648725,0.719565628,0.216353163,0.091549575,0.486236072,-0.023349386,0.115567517,0.101333333,0.525635505,-0.044776204,0.202569405,0.082195467,0.440563739,0.020506138,0.270793201,TRUE
84,1438.148768,0.55,0.990588235,0.843822706,188.2705882,24.04462353,21.94955294,0.644223529,8.969447059,3.855729412,0.861494118,0.296058824,30.53961176,0.091658824,0.519223529,0.105294118,0.413894118,0.139094118,14.13891765,0.049682353,0.253588235,0.013447059,0.240070588,127.7012588,43.81483529,0.804223529,16.42927059,10.39692941,0.728082353,0.106258824,0.045729412,0.267917647,-0.012141176,0.088482353,0.049047059,0.289094118,-0.016035294,0.097623529,0.0392,0.246329412,0.000517647,0.194529412,TRUE
178,476.0427231,0.94627197,0.517483811,0.679543691,127.1822387,26.03784644,22.44702498,0.644197965,8.711124884,4.366636448,0.817493062,0.3173395,34.98079371,0.108263645,0.591004625,0.098288622,0.492716004,0.300611471,31.61677058,0.079137835,0.468914894,0.121099907,0.347827012,132.3083784,43.68901388,0.818978723,16.03838945,10.76040888,0.694986124,0.23140333,0.100503238,0.498666975,0.042829787,0.097612396,0.069174838,0.372414431,-0.03633395,0.212869565,0.090479186,0.45753469,0.046635523,0.203698427,FALSE
3,2516.826373,0.632159091,0.989393939,0.867862273,262.0473485,29.29090341,23.36760417,0.655462121,8.838547348,4.801676136,0.796346591,0.324575758,39.83797727,0.112460227,0.647051136,0.100204545,0.546857955,0.166098485,20.40969318,0.05874053,0.313373106,0.015176136,0.298174242,110.4171951,40.81117614,0.788589015,15.13364583,9.881304924,0.713418561,0.14663447,0.051859848,0.325331439,-0.004706439,0.129227273,0.068272727,0.391109848,-0.013539773,0.139179924,0.045293561,0.294609848,0.020412879,0.263253788,TRUE
23,3467.301352,1,1,0.887562588,503.0823529,24.52812941,19.49049412,0.804470588,7.151411765,4.618588235,0.718176471,0.698211765,71.43587059,0.161823529,1.119658824,0.346258824,0.773435294,0.351411765,36.07135294,0.105988235,0.572176471,0.053717647,0.518411765,62.97783529,30.80730588,0.807482353,11.37041176,7.623458824,0.692647059,0.294423529,0.111776471,0.582058824,0.007470588,0.2604,0.167635294,0.770835294,-0.019729412,0.255411765,0.095223529,0.5174,0.038576471,0.386764706,FALSE
139,974.1965341,0.996571044,0.925773196,0.837857145,250.3549978,30.70492066,24.31463424,0.658181981,9.404914836,4.787481398,0.811527118,0.282803227,35.53023487,0.089064097,0.522082922,0.106534738,0.415554012,0.218207082,27.44392918,0.049688481,0.33885074,0.097090094,0.241748095,119.3663416,42.63056298,0.786900045,15.92264993,10.17596549,0.724686239,0.159096818,0.070902286,0.350413268,0.011809502,0.086385029,0.056558046,0.299913492,-0.003724787,0.137481847,0.062600628,0.303626177,0.012398924,0.261553563,FALSE
44,4329.617649,1,0.52556962,0.753766057,350.1556962,24.50998671,22.47775063,0.612562025,8.760305063,4.238096203,0.834905696,0.314859494,33.66237848,0.108948734,0.600468987,0.095637342,0.504841772,0.193912025,21.46176076,0.076321519,0.3649,0.010844304,0.354041139,89.13015949,37.23148987,0.775241139,13.91094684,8.837018354,0.72611962,0.133487975,0.079986709,0.376549367,-0.030048734,0.098075949,0.073210759,0.385474051,-0.019496835,0.108456329,0.063831646,0.323141139,-0.014628481,0.272305696,FALSE
122,12923.43975,0.999642607,0.991030133,0.891101458,324.8265592,32.05860547,24.46372109,0.65007288,9.101951997,5.082802032,0.792524177,0.462985284,64.3104569,0.124386475,0.786771899,0.206065522,0.580701472,0.194046952,25.53476489,0.056375613,0.330125088,0.055068676,0.275057463,101.3259513,39.32416713,0.778429573,14.57582376,9.495408549,0.715806938,0.139532586,0.072111423,0.335110722,-0.001728101,0.176538542,0.103717589,0.521298528,0.014051857,0.114905046,0.062465662,0.283246671,0.000611773,0.305342327,TRUE
99,853.9533397,0.728101788,0.856946355,0.800363425,202.0330124,27.32303576,22.35136314,0.672111417,8.420562586,4.704627235,0.788444292,0.283839065,33.87391059,0.10070564,0.572869326,0.079621733,0.493221458,0.147784044,17.32190509,0.061209078,0.300953232,-0.006134801,0.307096286,118.2848872,41.80582806,0.806916094,15.3529945,10.32511829,0.698163686,0.125257221,0.057108666,0.320719395,-0.028646492,0.09773315,0.063502063,0.353477304,-0.029364512,0.117685007,0.05109216,0.291943604,-0.00935901,0.235174691,TRUE
138,1627.768911,1,0.99843086,0.869794946,273.1781628,28.74417391,22.79345047,0.683990193,8.627528931,4.79216051,0.780715593,0.315654789,38.70820203,0.112269369,0.638434783,0.087551161,0.550883949,0.236584178,27.9742697,0.068076822,0.411149068,0.080160183,0.330977444,113.2463534,41.28200196,0.797900621,15.23516966,10.11206015,0.702471723,0.16506865,0.084598562,0.429882314,0.009514547,0.102107878,0.066850932,0.37596829,-0.015881007,0.140519451,0.07243511,0.373519124,0.010877084,0.250223602,FALSE
163,173.6359046,0.762639878,0.922278739,0.781884705,246.8074771,26.04463657,22.85880366,0.615768566,8.566687691,4.636396236,0.807938708,0.170105799,18.34485351,0.078710326,0.398319685,0.017788149,0.380524669,0.201833672,21.66399593,0.059688708,0.350077314,0.064138098,0.285934639,112.0923993,41.22194227,0.787161241,15.25138911,9.974251272,0.718308494,0.144710071,0.069536623,0.360299593,0.002508647,0.062630214,0.048084944,0.272025432,-0.015580112,0.126261953,0.060834944,0.311598678,0.002814852,0.23580061,FALSE
168,29222.78012,0.893266142,0.985385827,0.900478479,403.0491339,29.10410016,23.10181827,0.665506142,8.544354961,4.896418268,0.784565039,0.421570079,50.68224945,0.090170079,0.654727559,0.227729134,0.427006929,0.143862992,17.00470583,0.046,0.262434331,0.040312756,0.22212063,81.90351654,35.33319969,0.780847874,13.0952422,8.540032126,0.714461732,0.120614173,0.054803465,0.283266457,0.004909921,0.218008189,0.089758425,0.482074646,0.040624882,0.107918425,0.051653543,0.252827717,0.006864567,0.346415118,TRUE
160,217.1808168,0.998928996,0.534153114,0.684027069,101.2272908,30.30076002,24.31129234,0.640304244,9.2989762,4.854485125,0.807689409,0.226038477,28.91956129,0.080274098,0.44206307,0.069026973,0.373028163,0.27591432,34.04648393,0.061714002,0.40899762,0.126025783,0.28297263,151.8713102,47.02916065,0.823194764,17.23843871,11.61069853,0.695901626,0.189389131,0.092370488,0.420788576,0.012218961,0.060421261,0.046927806,0.257180484,-0.017946846,0.166761999,0.08200833,0.372789766,0.012674336,0.202043237,FALSE
147,725.8489941,0.824333333,0.979487179,0.852479701,310.7538462,27.39985299,21.93887863,0.705623932,8.198361538,4.781741026,0.773470085,0.274105983,31.14379573,0.096335897,0.550439316,0.081295726,0.469142735,0.23774359,26.65207863,0.058092308,0.383210256,0.102081197,0.28112735,101.0676538,39.16546581,0.79424359,14.47940256,9.580894017,0.707815385,0.201709402,0.072480342,0.409352991,0.028911966,0.09494359,0.058905128,0.325264103,-0.014795726,0.188296581,0.06902906,0.37788547,0.030923077,0.272763248,FALSE
8,800.0678315,0.889453939,0.993330554,0.854708845,354.7328053,29.90414464,23.36974698,0.655342643,8.571566069,5.030456023,0.778942476,0.42214506,52.86304585,0.149357649,0.838009587,0.119805752,0.718195498,0.301771571,37.35232138,0.083598166,0.502482701,0.088011255,0.414475198,89.85812047,37.07278408,0.780097124,13.68136515,9.035657774,0.709678616,0.267260942,0.084596499,0.518040017,0.04660692,0.154438933,0.105546061,0.539970404,-0.041637766,0.250555231,0.077100459,0.477339308,0.068124218,0.318644018,FALSE
143,662.5017028,0.999660113,0.763545485,0.791837611,170.9953349,35.40804998,24.6841063,0.685303899,9.111585472,5.422775408,0.764817394,0.2831996,46.3301976,0.091068977,0.52225958,0.088954682,0.433308231,0.259467844,37.75559147,0.063196268,0.397999,0.100205598,0.297786738,146.3257494,45.99067577,0.819898034,16.73722726,11.54258647,0.682502832,0.170740753,0.093377541,0.407892702,0.001622792,0.071582473,0.057727424,0.311322892,-0.014938354,0.141963012,0.079667111,0.354926025,0.002154282,0.233766411,TRUE
19,738.8912243,0.994035088,0.578947368,0.647881559,188.3645224,23.433846,20.593154,0.694321637,8.099584795,4.091962963,0.812405458,0.608900585,64.15634113,0.188602339,1.016146199,0.212062378,0.804097466,0.254173489,26.79642495,0.122247563,0.49817154,-0.032838207,0.531017544,117.3786862,41.61345224,0.818062378,15.32616959,10.27269786,0.695107212,0.176212476,0.098282651,0.516460039,-0.058883041,0.111637427,0.099559454,0.557918129,-0.037863548,0.152719298,0.072007797,0.426489279,-0.002785575,0.204167641,TRUE
124,12377.45863,0.973842779,0.975574662,0.882921039,391.521495,28.24118582,23.14867626,0.645670469,8.604657484,4.817163888,0.792514652,0.412938059,48.16053483,0.129769258,0.761364099,0.144222495,0.617135813,0.195225127,22.46637586,0.059653799,0.343330058,0.059988594,0.283341814,86.18969433,36.03902158,0.782714511,13.3474478,8.718221793,0.713348833,0.15923004,0.069091946,0.358213897,0.012321635,0.172376908,0.10048605,0.519953325,0.005983506,0.140824882,0.063049307,0.317952974,0.014809089,0.330929286,TRUE
63,2933.364562,0.953065228,0.990583619,0.879046229,349.5978421,30.93192643,24.19385728,0.645189308,9.029748406,4.995686121,0.797995586,0.347407553,44.60319863,0.113157921,0.66356204,0.107371751,0.556197155,0.192606179,24.95382884,0.063237862,0.348908779,0.026833252,0.322068171,91.12394752,37.54109564,0.772228053,13.97093722,8.985813634,0.72396665,0.160911721,0.062430603,0.355872977,-0.000437469,0.142765571,0.082031878,0.437162334,-0.011906327,0.144699362,0.054027464,0.314396273,0.016263855,0.329097597,FALSE
145,6714.784277,0.993864916,0.997373358,0.889262359,440.3742964,25.52097092,20.82509897,0.734772045,7.774285178,4.601997655,0.753453096,0.592092871,64.42411492,0.152835366,0.981566135,0.263300657,0.718279081,0.312898218,33.290197,0.087060038,0.506893527,0.087523921,0.419342871,75.83631895,33.88651829,0.797967636,12.53883114,8.303799719,0.699146811,0.238766417,0.107834897,0.516246717,0.006757505,0.206455441,0.139861632,0.659734522,-0.00061257,0.196064259,0.090281426,0.429686679,0.013924484,0.336321295,TRUE
151,2161.887442,0.950171844,0.992597488,0.875659822,369.6926636,26.25787244,23.14770126,0.62310575,9.128083939,4.246709848,0.838168539,0.403499009,44.07157436,0.13957766,0.768406477,0.121693325,0.646701256,0.270220093,29.08119365,0.075428288,0.443745539,0.090116986,0.353642432,90.81098612,37.84355254,0.76723265,14.30204891,8.781932584,0.740308658,0.198575017,0.091085922,0.451220753,0.017099802,0.13014805,0.088146728,0.47723926,-0.003017184,0.170177132,0.078313946,0.388912756,0.019723067,0.284452082,TRUE
103,700.3215561,0.992405063,0.970811616,0.840743373,189.3574088,30.12130454,24.12918541,0.650749814,9.402278481,4.677956813,0.81918615,0.270130305,33.28757334,0.097055101,0.534034252,0.076212956,0.457798213,0.217715562,26.36624497,0.05223455,0.345640357,0.095515264,0.250134028,132.5541981,44.53587565,0.800662695,16.56070141,10.72250261,0.716507818,0.178008935,0.069766195,0.378901713,0.019530901,0.082313477,0.054132539,0.308172003,-0.018356664,0.166179449,0.067052867,0.351425168,0.020376768,0.231970961,FALSE
33,16353.71189,0.884035441,0.979379783,0.88772737,396.3733387,23.50838059,21.61813975,0.609247684,7.994341522,4.40155739,0.808863069,0.398256545,39.16337817,0.13953967,0.799431333,0.11934112,0.680086589,0.140893274,14.50954048,0.078423278,0.325527185,-0.061609344,0.387139348,77.1546613,34.45267137,0.77530447,12.7481917,8.308890455,0.717564237,0.135799839,0.072653645,0.357260572,-0.085703987,0.213540878,0.111150624,0.633697141,0.007060411,0.133751108,0.066964156,0.334561015,-0.052370117,0.293002819,TRUE
27,1664.63514,0.979174229,0.999274047,0.876073126,383.6950998,29.08469737,23.55429038,0.627237296,8.677576225,4.916480036,0.792003176,0.405929673,49.51636434,0.141446007,0.807339383,0.115045826,0.692288113,0.278250454,33.43677132,0.086313975,0.4791402,0.058696461,0.420433757,83.78713158,35.92076815,0.775333938,13.29207623,8.685963249,0.714779946,0.251930581,0.09207441,0.509014519,0.016263158,0.180055808,0.105402904,0.547381579,-0.029199183,0.238806261,0.088049002,0.478314428,0.039272686,0.327095735,TRUE
114,48.20991888,1,0.426035503,0.539342367,63.70414201,24.73516272,22.3632574,0.62437426,8.926720414,4.120002959,0.848199704,0.247403846,27.49101479,0.099303254,0.503260355,0.050134615,0.45310355,0.308868343,31.37531213,0.073176036,0.461465976,0.125282544,0.336178994,157.8297086,47.43844527,0.846593195,17.36461982,11.80169675,0.688809172,0.193650888,0.105912722,0.471171598,0.000397929,0.048767751,0.051671598,0.288171598,-0.043085799,0.170476331,0.093579882,0.415386095,0.000781065,0.158215976,FALSE
72,10569.5799,1,0.877462437,0.866510438,294.3969115,34.37391027,25.03698998,0.636333472,9.094152755,5.361079299,0.778316778,0.364785893,53.38696494,0.11198581,0.67599374,0.120345159,0.555650668,0.196737896,29.19627421,0.072421536,0.362828464,0.007586811,0.355238731,103.506533,39.25779007,0.782828047,14.40907596,9.619521703,0.703855175,0.151262938,0.080734558,0.378866444,-0.027080968,0.153638564,0.088972037,0.462734975,-0.008667362,0.12882596,0.071581803,0.342634391,-0.010195326,0.312100167,FALSE
92,6969.598269,0.612467105,1,0.882244375,363.5559211,25.74216447,22.49378618,0.633217105,8.629088816,4.396980263,0.815467105,0.317125,33.29634868,0.109532895,0.622447368,0.092470395,0.530046053,0.134263158,14.31371711,0.062417763,0.281963816,-0.030029605,0.312009868,85.80850658,36.41861513,0.774779605,13.63080263,8.610230263,0.728565789,0.119615132,0.058888158,0.306796053,-0.051717105,0.135493421,0.080361842,0.422684211,-0.015414474,0.113322368,0.053769737,0.281042763,-0.020713816,0.2955625,TRUE
77,239.286618,0.954424166,0.555443675,0.697424575,263.6626809,22.60357835,19.57989679,0.740593455,7.518969792,4.263625551,0.777940843,0.348959094,35.02534172,0.109763373,0.605548773,0.11440151,0.491132159,0.243321586,23.77137571,0.077529264,0.398796098,0.04431781,0.354473883,108.927516,40.30567967,0.816834487,14.7920107,10.04460038,0.689984896,0.162556325,0.081373191,0.415375079,-0.003078666,0.058916929,0.059893644,0.310895532,-0.04603776,0.13875708,0.062232222,0.363599119,0.012350535,0.211327879,TRUE
148,2892.063652,1,0.546554622,0.790961408,270.0663866,28.88221933,23.28553571,0.65887479,8.730630672,4.845271849,0.788764286,0.381631933,46.33342101,0.122752101,0.704416387,0.130723529,0.573693697,0.23242437,27.85668193,0.064010084,0.389628151,0.082144958,0.307497899,104.9517261,39.7361937,0.788598739,14.65973782,9.688545378,0.707795378,0.151932353,0.083453361,0.397360084,0.003986555,0.118542017,0.084871429,0.439808824,-0.000434034,0.120282773,0.065686975,0.317761765,0.005213025,0.276178151,TRUE
89,210.1348856,0.996709677,0.630107527,0.64589929,106.772043,32.30501935,24.95063871,0.646804301,9.708062366,4.859494624,0.818221505,0.343843011,47.39309032,0.111311828,0.614580645,0.110731183,0.50383871,0.253810753,35.62722581,0.06932043,0.401978495,0.079165591,0.322823656,156.0995871,47.68283441,0.822565591,17.51050538,11.73873978,0.69443871,0.175909677,0.07711828,0.412582796,0.020354839,0.072490323,0.059903226,0.333150538,-0.037733333,0.154008602,0.0616,0.367853763,0.027651613,0.205113978,FALSE
194,205.8395214,0.999490509,0.311088911,0.606429496,98.07092907,30.64984615,25.47545155,0.61022977,10.15391958,4.557807193,0.845908092,0.225833167,29.00282468,0.079773227,0.433760739,0.068631868,0.36513986,0.244007992,30.67129271,0.05701049,0.371568432,0.103471029,0.26811039,160.0220744,48.55685664,0.816916583,18.00492807,11.69595604,0.711581918,0.154423077,0.083427572,0.380326673,0.003991508,0.056204296,0.043456044,0.244265235,-0.014212787,0.132131868,0.07124975,0.324531469,0.004206294,0.194367632,FALSE
13,1038.257057,0.979183673,0.996371882,0.853816746,393.3854875,22.8165017,19.93936451,0.723149093,7.574526077,4.26685941,0.778691043,0.474924036,45.37213322,0.148700113,0.849491497,0.176202381,0.673291383,0.286778912,27.69465703,0.095260771,0.491761338,0.053569161,0.438183107,80.2410958,35.08075794,0.793232993,13.02455499,8.540656463,0.70921712,0.230315193,0.095425737,0.506705215,0.005773243,0.130501134,0.099481859,0.492988095,-0.040551587,0.206369615,0.081530612,0.448694444,0.030587302,0.283383787,FALSE
131,1182.626375,1,0.381189189,0.706006405,213.7616216,31.26112486,23.40796,0.694872973,8.599934054,5.186409189,0.762881622,0.298568108,39.87010162,0.093358378,0.541430811,0.110772432,0.430667027,0.260622703,32.02586649,0.070504865,0.409616757,0.098117297,0.311503784,113.1677708,41.00562324,0.803660541,15.00596,10.19661784,0.691498919,0.187585405,0.101686486,0.427716216,0.007835676,0.098192432,0.068807568,0.346430811,-0.012972973,0.161001622,0.094755135,0.386027568,0.008409189,0.281241081,TRUE
108,3730.444137,1,0.696928328,0.805478985,453.6791809,20.4016587,17.37627986,0.844397611,6.293080205,4.315943686,0.66037116,0.882270478,75.67073123,0.204444539,1.300017065,0.411799488,0.888213311,0.395946246,33.72442321,0.121311433,0.662964164,0.109227816,0.553730375,63.84371416,30.67961604,0.821019625,11.2412884,7.725825939,0.671525597,0.318150171,0.160290102,0.709357509,0.009233788,0.217588737,0.184855802,0.812340444,-0.029667235,0.278808874,0.151067406,0.642644198,0.01696587,0.325383959,FALSE
29,317.2309289,0.996530612,0.336054422,0.537014286,131.6139456,30.81765901,25.10616582,0.627327381,10.06994048,4.483598639,0.842016156,0.316468537,38.92241071,0.118517857,0.640038265,0.090401361,0.549637755,0.143734694,18.36479337,0.063872449,0.301885204,-0.012522109,0.314396259,151.8310357,47.51172534,0.807272109,17.7386165,11.29915561,0.721062925,0.116848639,0.056798469,0.321937925,-0.034448129,0.064346939,0.057619048,0.320630102,-0.038520408,0.109337585,0.050234694,0.288637755,-0.006834184,0.203671769,FALSE
100,241.338621,1,0.943462898,0.797462075,228.9845808,24.53858721,21.56306874,0.654998394,8.11947125,4.46609894,0.788746226,0.344533248,38.37513235,0.127181176,0.659610344,0.097021844,0.562595567,0.424208481,41.09103341,0.149894314,0.719437841,0.126388371,0.59305461,113.9750524,41.0251468,0.807995503,15.0135628,10.164876,0.692205911,0.336262127,0.198045294,0.807433665,0.012408288,0.082829425,0.086051397,0.428800193,-0.079236107,0.311129778,0.191048185,0.769043045,0.01559107,0.218503694,FALSE
110,6744.667105,0.997803077,0.994584615,0.88445216,347.432,31.66436677,23.78256308,0.671944,8.611292308,5.267398769,0.758603692,0.338089846,44.74514585,0.103006154,0.607688615,0.111804308,0.495865846,0.175027077,22.77698031,0.049375385,0.297197538,0.054862154,0.242335385,92.94540308,37.34959754,0.789939692,13.69979692,9.219052923,0.696241231,0.130764308,0.063624615,0.308075692,0.002788308,0.129313846,0.081653538,0.412777231,0.004188308,0.106736,0.054460308,0.262359385,0.004125538,0.332314462,TRUE
107,446.4495141,1,0.328556807,0.671469355,116.14739,30.18201024,24.11352712,0.641242579,9.051354145,4.989847492,0.791440123,0.19001433,23.81361003,0.064662231,0.365257932,0.061169908,0.30408086,0.192613101,23.84865609,0.049761515,0.31664176,0.084033777,0.232615148,148.7137431,46.47677073,0.82135824,16.98738997,11.5497001,0.691658137,0.129119754,0.066848516,0.336613101,0.006857728,0.066453429,0.041949846,0.235510747,-0.00517912,0.112292733,0.057778915,0.287823951,0.007003071,0.205509724,FALSE
127,4541.673719,0.943936297,0.940670311,0.87284304,315.344426,29.3403739,22.82527763,0.693487283,8.469508676,4.96468695,0.773855717,0.415263371,51.15944996,0.11213121,0.716562396,0.190436178,0.526121702,0.195612788,23.31193273,0.052730687,0.327185168,0.074367007,0.252815546,99.35231043,38.8505025,0.79126551,14.35579724,9.494740195,0.707576658,0.180972902,0.067256953,0.369273829,0.026589256,0.171036368,0.085166389,0.452140718,0.013142144,0.175236035,0.067626575,0.356065367,0.031334443,0.295157832,FALSE
126,3822.218527,0.970138058,0.833225955,0.849048932,301.535665,28.47888909,20.97055361,0.799365393,7.73907041,4.935948458,0.719107685,0.515135757,61.97643304,0.124178095,0.820402669,0.257419236,0.562977451,0.225719742,25.97561436,0.053244363,0.355341924,0.104193741,0.25114266,98.82133548,38.26819742,0.812417395,14.05915462,9.52945329,0.687438564,0.214805798,0.061813162,0.380061206,0.06295214,0.169526461,0.082798435,0.483733088,0.028589047,0.212277036,0.059282098,0.360346065,0.072364933,0.292123332,FALSE
65,3234.561019,0.999255474,0.918248175,0.852361299,347.6569343,26.08711095,21.2090146,0.718237956,7.902348905,4.706567883,0.759362044,0.379248175,42.55951533,0.124824818,0.732035036,0.126068613,0.605967883,0.186654015,20.29490073,0.074255474,0.360637956,-0.002582482,0.363211679,89.50145547,36.8140146,0.798877372,13.54791387,9.111607299,0.693792701,0.154043796,0.080705109,0.395861314,-0.029421898,0.121125547,0.079249635,0.417455474,-0.024854015,0.139872993,0.0738,0.363341606,-0.002967883,0.287072993,TRUE
87,370.0498017,0.979833729,0.882185273,0.76493133,261.7672209,25.23081948,20.22934917,0.763377672,7.593788599,4.59404038,0.744933492,0.398945368,42.00960333,0.119304038,0.70195962,0.154845606,0.547099762,0.30443943,31.85202138,0.075703088,0.47880285,0.115695962,0.363095012,101.9857268,38.9438171,0.814422803,14.28687648,9.715489311,0.685570071,0.270372922,0.090209026,0.531954869,0.043114014,0.101817102,0.079862233,0.396,-0.061660333,0.258738717,0.086866983,0.505382423,0.059370546,0.251980998,TRUE
24,2093.016159,1,0.995,0.8692665,372.91875,23.16823125,20.09842188,0.72635,7.55809375,4.39318125,0.76098125,0.483875,46.56318438,0.154003125,0.898303125,0.176528125,0.721715625,0.23015625,22.40890313,0.09655625,0.437403125,-0.018053125,0.4554125,84.04142813,35.69276875,0.798365625,13.18980938,8.763803125,0.699621875,0.1823375,0.091134375,0.45438125,-0.04614375,0.14268125,0.09904375,0.51690625,-0.022034375,0.162046875,0.076134375,0.40008125,0.000928125,0.27878125,TRUE
6,1177.475844,1,0.911111111,0.850159444,346.1111111,20.50405556,18.64744444,0.741777778,7.129277778,4.036166667,0.779722222,0.5415,46.53016667,0.166055556,0.899388889,0.193277778,0.705944444,0.263055556,23.21883333,0.103388889,0.459611111,0.010166667,0.449333333,88.50127778,36.63977778,0.803166667,13.54411111,9.023611111,0.701,0.188333333,0.101666667,0.486055556,-0.036388889,0.118833333,0.095444444,0.512555556,-0.0345,0.163666667,0.083277778,0.429944444,-0.002944444,0.231888889,TRUE
39,292.4566995,0.8415625,0.998913043,0.831002894,342.2554348,22.71751359,20.06846603,0.704519022,7.73496875,4.152975543,0.795866848,0.380216033,35.5128913,0.12673913,0.697930707,0.12253125,0.575394022,0.276763587,26.49979348,0.080216033,0.447339674,0.07511413,0.37221875,91.25363315,37.29209239,0.795342391,13.84828804,9.066330163,0.71055163,0.23838587,0.084584239,0.476797554,0.017944293,0.098838315,0.078296196,0.406949728,-0.051029891,0.22534375,0.07911413,0.450408967,0.042642663,0.24642663,TRUE
52,709.8640718,0.991639344,0.998859587,0.854006158,378.8831076,26.16928938,21.3299608,0.717714897,8.114350677,4.540424091,0.779823949,0.507555239,54.78052103,0.179356379,0.982724163,0.146316465,0.836410549,0.312905916,34.02697933,0.102000713,0.544905203,0.050188168,0.494713471,84.33444262,36.08129936,0.789019957,13.43621953,8.735682823,0.713843193,0.267451176,0.102719173,0.558771205,0.004508909,0.121870278,0.109937277,0.536975766,-0.058257306,0.247106201,0.091857448,0.499532431,0.041315752,0.304052744,TRUE
121,1029.152131,1,0.759215934,0.806713579,339.6759406,26.01922921,21.92033038,0.654078723,8.089830857,4.693569396,0.780507746,0.278815365,31.5168767,0.110171672,0.578726209,0.056861524,0.521866266,0.2689589,29.17404869,0.080989883,0.452033512,0.081606702,0.370423332,93.88438887,37.68966835,0.788963326,13.85861271,9.262310149,0.702555801,0.17648435,0.105968068,0.469687322,0.001545684,0.085546001,0.070343661,0.376483086,-0.02119823,0.140843819,0.088901992,0.404510275,0.003220044,0.267829276,TRUE
191,14311.64838,0.984550409,0.957493188,0.88429406,336.5599455,26.90225511,22.01983379,0.678623978,8.212446526,4.699256471,0.78090327,0.474010218,53.35344516,0.122659401,0.774019074,0.225303815,0.548704019,0.194487057,21.12513011,0.058766349,0.333107289,0.057786785,0.275332425,95.72560388,37.87374251,0.792524864,13.97205654,9.269889646,0.704245572,0.153516349,0.069192779,0.348739782,0.008503406,0.184718324,0.092105926,0.498623978,0.022050409,0.13715327,0.062334469,0.304208106,0.012725477,0.278759196,TRUE
109,3260.176342,0.999023888,0.971334432,0.867711573,235.5481878,32.0610832,24.13968781,0.659759885,8.983308072,5.070777595,0.786946046,0.362191928,48.2179131,0.106149094,0.647185338,0.149172982,0.498008237,0.208797364,27.3298229,0.051051071,0.331646623,0.084882208,0.246766063,120.5520169,42.34168987,0.793410214,15.60559638,10.34350206,0.707743822,0.160605848,0.069025535,0.342841433,0.013500412,0.130156096,0.075754942,0.401170923,0.007131796,0.143192751,0.063446046,0.304746705,0.015102554,0.258415157,TRUE
25,1641.529084,0.963694915,0.989152542,0.857890305,268.9322034,32.3616678,23.34469831,0.714701695,8.712457627,5.084183051,0.765661017,0.413179661,55.07067458,0.124440678,0.765650847,0.157942373,0.607684746,0.253115254,35.18309492,0.076271186,0.432654237,0.048583051,0.384064407,113.7850407,41.12197288,0.799189831,15.16815254,10.09622373,0.701833898,0.209355932,0.075915254,0.448088136,0.006057627,0.137857627,0.080359322,0.449983051,-0.020538983,0.191555932,0.064159322,0.394640678,0.036972881,0.275816949,FALSE
81,250.9676551,0.790426477,0.929631275,0.804826717,239.7019103,24.60544647,20.92259351,0.709701022,8.297199911,4.133683696,0.813567748,0.362746779,37.58192315,0.131630386,0.7041506,0.103707241,0.600438916,0.210477121,21.98766104,0.071287872,0.368385162,0.027676588,0.340713016,114.6951524,41.53680853,0.80634518,15.46205153,10.06210129,0.712430031,0.163824078,0.066297201,0.377634385,-0.006338516,0.069346068,0.061,0.346040871,-0.039346068,0.150116837,0.056472679,0.33769036,0.016750333,0.216013772,FALSE
146,510.0826939,1,0.613418986,0.744041299,198.2719486,22.86018344,20.88921413,0.665949322,8.272902213,4.003543897,0.832570307,0.336932191,33.34886581,0.118369736,0.614369022,0.104933619,0.509452534,0.264920057,24.53424054,0.078025696,0.421554604,0.087536046,0.334024982,116.0100121,41.63055032,0.808236974,15.42403712,10.13656745,0.710768023,0.194460385,0.103774447,0.460792291,0.008267666,0.070511777,0.065144183,0.354892934,-0.03620985,0.176092791,0.097319772,0.429543183,0.011463241,0.203811563,FALSE
50,2182.010267,0.955677201,1,0.879880903,289.8521445,25.6078465,21.09360158,0.712832957,8.11018623,4.389512415,0.79732167,0.516970655,53.5105316,0.171832957,0.984276524,0.183420993,0.800892777,0.194053047,20.59282844,0.093663657,0.406222348,-0.049655756,0.455890519,103.320105,39.56790181,0.79712754,14.68739278,9.62212754,0.712006772,0.184002257,0.080799097,0.446397291,-0.064959368,0.155817156,0.091536117,0.525284424,-0.024345372,0.180463883,0.071295711,0.412697517,0.010976298,0.245226862,TRUE
158,373.9032141,1,0.45944086,0.705219875,143.8911828,23.64687699,21.14785935,0.676195699,8.373515699,4.102291183,0.815083441,0.324172473,33.17925677,0.117456344,0.613716559,0.090084301,0.523624516,0.237987527,23.69218796,0.072829677,0.39160172,0.063363871,0.328251613,139.2582477,44.95369849,0.836356559,16.46458108,11.18793161,0.684065806,0.140213333,0.094653763,0.40563871,-0.00716,0.059430108,0.052749677,0.315774194,-0.017298925,0.118705376,0.081708817,0.355005591,-0.004183656,0.170043441,FALSE
118,495.1850903,0.995322086,0.698568507,0.753515603,188.0843558,26.3536682,22.82309356,0.646544479,9.112565951,4.24047955,0.838385481,0.305638548,33.75537883,0.109681493,0.585714724,0.088013292,0.4977091,0.264093047,28.26196677,0.067321575,0.413625767,0.104037321,0.309605317,128.9887566,43.90655061,0.804536299,16.3487183,10.56301687,0.71803681,0.185610429,0.094390082,0.436331288,0.007948875,0.071648773,0.056656442,0.321676892,-0.02606544,0.164010225,0.085183027,0.392755112,0.008705521,0.20956135,FALSE
61,666.0299221,1,0.954751131,0.834473507,279.2183258,29.15004412,21.87172624,0.738598416,8.138445701,4.886571267,0.753165158,0.491516968,60.11363575,0.155795249,0.906531674,0.176791855,0.729764706,0.28219457,34.98336652,0.094337104,0.49340724,0.036624434,0.456761312,108.7339174,40.06218665,0.806632353,14.70650452,9.949968326,0.692382353,0.230277149,0.09699095,0.519270362,-0.008307692,0.118815611,0.09118552,0.491763575,-0.036727376,0.210288462,0.084300905,0.456809955,0.030906109,0.261432127,TRUE
47,2957.19784,0.727306122,1,0.870979388,241.5142857,33.91882245,24.17007551,0.690973469,9.168095918,5.046036735,0.794377551,0.372712245,54.40092857,0.118212245,0.710087755,0.126912245,0.58314898,0.168857143,23.86631224,0.058740816,0.314469388,0.010155102,0.304308163,120.6786143,42.50732449,0.793853061,15.78049592,10.30787959,0.714687755,0.156463265,0.05512449,0.332853061,-0.012126531,0.139863265,0.074765306,0.425942857,-0.014530612,0.151463265,0.050130612,0.308918367,0.015836735,0.271755102,TRUE
123,318.3909043,0.997225748,0.550317316,0.69118175,224.7298277,21.46677516,20.79669628,0.624223935,8.026858568,4.051490481,0.82880961,0.343905712,32.97568903,0.138299184,0.692987307,0.06593563,0.627063463,0.4281233,36.70376247,0.1298767,0.682386219,0.152652765,0.529727108,105.0073772,39.65988486,0.798929284,14.6415204,9.673622847,0.708500453,0.375387126,0.158778785,0.735878513,0.060387126,0.092152312,0.099858568,0.470403445,-0.111534905,0.361679057,0.155473255,0.708599275,0.066539438,0.212183137,FALSE
79,27.23131548,0.767275321,0.980599144,0.661307489,107.4450785,21.54510271,20.42635235,0.669813124,8.214383738,3.807865906,0.837870185,0.312333809,27.95846077,0.130980029,0.624132668,0.059566334,0.564566334,0.173627675,15.74946933,0.076978602,0.343727532,-0.003707561,0.347453638,140.9877432,45.02170899,0.845651926,16.48912553,11.22995292,0.683158345,0.166252496,0.078025678,0.393178317,-0.03274893,0.041747504,0.057025678,0.29257632,-0.071309558,0.164273894,0.075787447,0.374603424,-0.003275321,0.156372325,TRUE
12,668.4472643,0.919857143,0.951428571,0.805235875,248.5196429,28.96638929,21.72299643,0.752266071,8.241975,4.778630357,0.769644643,0.295882143,35.94629107,0.112219643,0.602410714,0.062989286,0.5394,0.215278571,26.02610357,0.065376786,0.364955357,0.0393,0.325676786,116.6541536,41.80101071,0.808501786,15.43555714,10.28691786,0.703130357,0.170721429,0.070671429,0.378971429,-0.008075,0.051985714,0.058719643,0.307983929,-0.054294643,0.155842857,0.063616071,0.352396429,0.006789286,0.247014286,FALSE
136,243.0304715,0.948512221,0.957917109,0.815989219,138.8825717,30.4214288,22.38374814,0.75166153,8.649187035,4.829190223,0.778545696,0.345687566,42.40799469,0.119562699,0.670262487,0.103909671,0.566356004,0.240773645,29.7156169,0.066696068,0.402060043,0.073432519,0.328652497,153.8418533,46.94641764,0.848512221,17.08462646,11.88334485,0.673829437,0.162873007,0.078443146,0.413832094,0.003217322,0.05894102,0.050961211,0.304470244,-0.032822529,0.143377258,0.06581881,0.34157067,0.006089798,0.196583953,FALSE
166,392.5216033,0.997730812,0.542602892,0.711765436,142.7615869,30.63039785,23.45256136,0.68799073,8.957950686,4.881795328,0.793160549,0.248100111,31.6412525,0.091567297,0.490326288,0.069380793,0.420935855,0.230688172,28.05928217,0.062506489,0.374367075,0.08900927,0.285361884,147.1892214,46.2431561,0.82811383,16.92390508,11.52498406,0.689077123,0.163299963,0.082273267,0.393493882,0.006031887,0.055930664,0.045472747,0.259880237,-0.018401187,0.145387097,0.072809047,0.34314238,0.006699666,0.208337783,TRUE
20,502.612167,1,0.369090909,0.70702275,206.0659091,28.29500227,22.25056818,0.683872727,8.364893182,4.754659091,0.778868182,0.324647727,40.12036364,0.131309091,0.681756818,0.064843182,0.616922727,0.194413636,23.73118182,0.084561364,0.391670455,-0.011663636,0.403293182,125.5885091,42.93654773,0.814802273,15.69016818,10.71525227,0.687331818,0.13055,0.078029545,0.405256818,-0.04155,0.072668182,0.062663636,0.351134091,-0.037063636,0.111379545,0.062018182,0.340763636,-0.010806818,0.217170455,FALSE
86,13501.08035,0.998941909,0.990041494,0.896657464,387.4211618,30.17117946,23.54839523,0.67978112,9.120065871,4.647587656,0.808276971,0.555627593,69.58569865,0.140228734,0.963622925,0.262387448,0.701233402,0.241489627,30.6048973,0.087215768,0.44733195,0.003943465,0.443376556,82.93534595,35.88981898,0.775081432,13.53857365,8.401356328,0.733039419,0.203718361,0.084244813,0.459853734,-0.022648859,0.261125,0.119333506,0.65690249,0.031966286,0.181383299,0.070225622,0.397891598,0.012754668,0.356116183,TRUE
189,2222.944848,0.999270804,0.966371175,0.852437627,228.4689734,30.3371873,23.60012925,0.68039634,9.118043752,4.753616242,0.803406062,0.450316557,57.10464827,0.122621104,0.75044724,0.19615356,0.554296826,0.247179582,30.46786789,0.064925651,0.399167286,0.096093223,0.303062625,118.4409603,42.0260855,0.798620532,15.58145382,10.19887875,0.710344295,0.198448384,0.082680583,0.423320846,0.020755219,0.131149271,0.085086074,0.447359737,-0.005511295,0.18104032,0.07695968,0.382180154,0.022950243,0.262521304,FALSE
144,270.0474142,0.596876972,0.993831055,0.824441966,208.1142657,24.08535156,22.9183775,0.599411497,9.406220119,3.828951279,0.870233789,0.260106204,26.53942306,0.097988433,0.500532422,0.06456537,0.435983526,0.220735366,22.4016912,0.056932352,0.349820189,0.083397126,0.266432177,127.8008381,44.26074483,0.790880827,16.6760722,10.34054224,0.737694357,0.160271644,0.06691693,0.361251314,0.01211707,0.072922888,0.053509639,0.290855941,-0.026364529,0.14515878,0.059081318,0.323071854,0.012883281,0.190763757,FALSE
67,181.7029383,1,0.581900452,0.703840339,258.7828054,25.82307466,23.20381674,0.603414027,9.058273756,4.315409502,0.837418552,0.277339367,30.94455882,0.111386878,0.581579186,0.056642534,0.52490724,0.257828054,28.63414253,0.089895928,0.459131222,0.052350679,0.406778281,106.411767,40.40213801,0.779699095,15.09277828,9.584169683,0.727576923,0.19611086,0.103882353,0.484280543,-0.005798643,0.076567873,0.070877828,0.358886878,-0.052472851,0.175355204,0.096355204,0.454328054,0.006355204,0.244391403,FALSE
95,4290.601618,0.999732704,0.961844864,0.878315933,350.7169811,30.22145231,22.52426101,0.724758386,8.35122956,5.054035115,0.757375262,0.618457547,82.19771122,0.147030922,1.018159853,0.293713312,0.724446541,0.338107966,44.30391352,0.103588574,0.565031447,0.046990042,0.51802044,88.22761059,36.61732128,0.794001572,13.51713365,8.998853249,0.70102935,0.270853774,0.115010482,0.582872642,-0.009593816,0.246285115,0.139078092,0.716678721,-0.001602725,0.231658805,0.097077568,0.51933805,0.015064465,0.336066038,TRUE
162,360.1502183,0.864751262,0.954722422,0.824615379,96.54037491,31.66669106,23.69293872,0.695013699,9.095702956,4.871211968,0.794858688,0.31027181,41.29480389,0.09558796,0.561621485,0.109988825,0.451626172,0.250766763,32.34155191,0.051998919,0.373402668,0.118829849,0.254584715,140.8449124,45.27656525,0.823839942,16.62708363,11.2022646,0.692482336,0.179016943,0.068986301,0.37839005,0.022053353,0.091781903,0.057579668,0.32658111,-0.006204037,0.158351118,0.057967195,0.31835292,0.022605984,0.228947368,FALSE
90,1124.25859,1,0.994461272,0.868601588,337.2708784,27.21423496,22.22860796,0.679317611,8.313750757,4.726147122,0.785323669,0.546346603,63.40895283,0.165023799,0.99524881,0.212536132,0.782706621,0.332070965,37.35838944,0.100066205,0.55493466,0.074021636,0.480898745,92.62090913,37.67541584,0.786482908,13.93165167,9.181447858,0.709566854,0.301471657,0.104468628,0.584874513,0.026327131,0.196074427,0.118043704,0.62172566,-0.027134574,0.288792298,0.098490697,0.550982259,0.060160537,0.288164864,TRUE
82,146.560291,1,0.257142857,0.453481633,164.6938776,26.75003061,20.55895918,0.779602041,7.740377551,4.694622449,0.74405102,0.285408163,31.3547449,0.098520408,0.551255102,0.089938776,0.461316327,0.20744898,22.98664286,0.059642857,0.347897959,0.059969388,0.287877551,130.1135714,43.52219388,0.834979592,15.88353061,10.92959184,0.681989796,0.153765306,0.070918367,0.378061224,-0.00405102,0.056061224,0.051704082,0.267816327,-0.047142857,0.139867347,0.063928571,0.341326531,0.004255102,0.209183673,FALSE
134,345.3783986,0.998241379,0.904367816,0.807769471,139.2574713,31.25501264,23.95847471,0.67733908,9.212271264,4.917497701,0.79626092,0.249156322,32.28937011,0.083095402,0.47126092,0.085285057,0.385981609,0.212751724,26.52084713,0.056491954,0.346609195,0.084941379,0.261650575,148.2424207,46.42163218,0.824808046,17.03995862,11.51231494,0.69265977,0.173865517,0.081293103,0.393862069,0.008775862,0.068548276,0.049848276,0.267406897,-0.020606897,0.163486207,0.080475862,0.378410345,0.009408046,0.21326092,FALSE
141,3811.679184,0.997849009,0.90080135,0.830571227,332.9156474,27.00243821,22.61015774,0.645161113,8.501631801,4.646199072,0.801419232,0.417526782,48.77988106,0.139725854,0.774663433,0.130379587,0.644285955,0.320566428,33.26040067,0.113544496,0.565341206,0.090808941,0.4745407,94.22501392,37.85103627,0.784828764,14.02190932,9.16678701,0.712976381,0.281377056,0.140957402,0.628148882,0.022190215,0.140167862,0.103967946,0.52135175,-0.056345002,0.265393083,0.136465205,0.588358077,0.026284268,0.285894981,TRUE
28,13749.67913,0.997932551,1,0.903237033,429.9638319,27.21528886,22.40476246,0.664554741,8.355304008,4.703364614,0.790648583,0.611309873,68.266739,0.199951124,1.169867058,0.206197458,0.963670577,0.228913001,25.75305621,0.108995601,0.477384653,-0.068050831,0.545418866,74.61897849,33.97885728,0.779726295,12.63796139,8.182865591,0.718529814,0.205508798,0.096688661,0.494126588,-0.091150049,0.275812317,0.148609482,0.803370968,0.002754154,0.192651026,0.082386608,0.437123656,-0.027616325,0.349727761,TRUE
36,815.8359194,0.887986689,0.994675541,0.85970827,323.0299501,29.03985025,23.2549817,0.671093178,9.001424293,4.614234609,0.809727121,0.40936772,49.56194842,0.148282862,0.853344426,0.124668885,0.728650582,0.252469218,30.40810316,0.078252912,0.447454243,0.045562396,0.401881864,96.76902995,38.73734942,0.77775208,14.54347255,9.169417637,0.729139767,0.237677205,0.082778702,0.505680532,0.015723794,0.138715474,0.091056572,0.488821963,-0.041347754,0.230865225,0.077532446,0.467510815,0.054507488,0.295727121,FALSE
150,1112.686869,1,0.398810168,0.7227054,136.2249865,38.55108545,28.33250811,0.606927799,11.0065119,5.232008383,0.828260411,0.248067063,39.76503245,0.073416712,0.447490535,0.100031639,0.347448621,0.160602217,24.7966463,0.044049757,0.274908599,0.063286641,0.211634397,161.033868,49.22129367,0.791632234,18.348808,11.65016495,0.724101947,0.125904002,0.061366414,0.306164143,0.007000541,0.081222823,0.050596539,0.277898864,-0.000598702,0.114907247,0.058018659,0.282368037,0.007389129,0.238254462,FALSE
75,1098.86711,0.984593338,0.438574748,0.684770465,251.9186677,23.28758559,22.16135167,0.619250968,8.932020139,3.899442293,0.853183579,0.318767622,30.5806251,0.137596437,0.680986832,0.059614253,0.621353989,0.130115414,12.83618125,0.079939582,0.311384198,-0.062605732,0.373983734,109.7212277,41.1550457,0.784275755,15.48832533,9.641205267,0.735853602,0.107838885,0.06855151,0.333079009,-0.080017816,0.071355538,0.064803253,0.358683966,-0.038597986,0.100836561,0.060876065,0.302899303,-0.030219985,0.217024787,FALSE
125,1986.283834,0.997412077,0.987524884,0.865157289,332.2913072,31.12374154,23.86231685,0.669275713,9.200352687,4.801710683,0.80761148,0.372084937,52.76773324,0.121130723,0.695134705,0.112565362,0.582569343,0.288591904,37.72434771,0.071769078,0.445540146,0.090581287,0.354956536,100.085065,39.21493995,0.783456204,14.64894028,9.382380557,0.721267419,0.191324154,0.109665561,0.450872595,-0.004876576,0.103325481,0.084201062,0.428935634,-0.005309224,0.146084273,0.092041473,0.387001327,-0.002097877,0.302947578,TRUE
37,398.2882188,0.945882353,0.528104575,0.558044069,91.26960784,25.94905719,22.44429902,0.642879085,8.724834967,4.381302288,0.82270098,0.263738562,29.37527124,0.090772876,0.494132353,0.083609477,0.410519608,0.180390523,19.87278268,0.067424837,0.337691176,0.032037582,0.305642157,144.0781961,45.54370588,0.833370915,16.63645752,11.36012418,0.683318627,0.140116013,0.077199346,0.411648693,-0.009434641,0.074081699,0.055462418,0.30002451,-0.049792484,0.131331699,0.071017974,0.384460784,-0.000526144,0.184300654,FALSE
102,711.3277002,0.996486486,0.631584526,0.769610392,160.3142554,33.69539958,24.31038103,0.707037626,9.207420774,5.227212507,0.771555909,0.301314255,42.69580339,0.092810811,0.541219396,0.117200848,0.42399894,0.185786433,25.55860042,0.050157393,0.314568098,0.070170111,0.244394807,149.3207366,46.63371595,0.824471118,17.01393694,11.68070959,0.683871224,0.130671966,0.061936937,0.332236884,0.007903021,0.071376789,0.049760996,0.282222046,-0.005295178,0.114246953,0.052474298,0.280253842,0.008885533,0.223037626,FALSE
165,1158.602616,1,0.898974837,0.831859492,259.7963653,27.43966589,22.56031407,0.675494874,8.765297297,4.492717148,0.811113234,0.300435228,34.47468406,0.114205033,0.611512116,0.081466449,0.53004986,0.193267474,21.77026468,0.051605312,0.31338164,0.070842498,0.24254287,115.7370969,41.93743523,0.793821062,15.64487978,10.08199068,0.720726934,0.140027493,0.071420783,0.327224604,0.001318733,0.074144921,0.055198509,0.315671482,-0.006677074,0.12310904,0.067000932,0.303646785,0.00205918,0.237000466,TRUE
153,501.7443639,0.997695606,0.659592712,0.758521747,166.221865,26.38387281,21.84111183,0.698315827,8.563243301,4.368343337,0.812846731,0.316368703,34.79709861,0.108015363,0.584989282,0.107600572,0.477399071,0.221326545,23.54886209,0.058261879,0.348661665,0.086850661,0.261825295,128.1807788,43.44559879,0.818184352,16.02388496,10.68783923,0.70150125,0.16528403,0.078860665,0.373379064,0.012967488,0.061477671,0.052946409,0.301394427,-0.020590211,0.150428367,0.073943551,0.345152554,0.014434084,0.211324402,FALSE
176,169.1188209,1,0.212371134,0.554321778,112.6958763,19.86520619,18.59848969,0.747170103,7.419579897,3.746386598,0.79242268,0.363417526,30.16175773,0.129154639,0.656371134,0.098440722,0.557920103,0.258440722,21.65102835,0.084981959,0.430010309,0.056783505,0.373229381,141.3646907,44.79604381,0.866438144,16.25590979,11.38649227,0.659976804,0.112291237,0.092768041,0.433188144,-0.012507732,0.046675258,0.045902062,0.300675258,-0.019548969,0.086350515,0.063994845,0.31271134,-0.008984536,0.140891753,FALSE
98,1655.709562,0.992721713,0.968195719,0.845898777,276.4036697,30.21626809,23.76373734,0.632106694,8.697600068,5.046111111,0.784520897,0.329552837,41.82920659,0.116397893,0.653356099,0.089120625,0.564233095,0.257345906,32.72760856,0.075949032,0.435422018,0.072594292,0.362831464,104.7337737,39.59570302,0.786282705,14.54744275,9.705046211,0.704982331,0.207518519,0.084783214,0.453859327,0.023007136,0.1304842,0.078517839,0.429069317,-0.024524975,0.187603466,0.076353041,0.413294937,0.034922188,0.27793476,TRUE
140,335.1948794,0.991582524,0.499805825,0.697546107,89.53883495,35.14324369,27.14694854,0.60511165,10.64813204,4.96556699,0.836423301,0.207285437,30.33310097,0.06781068,0.392545631,0.070083495,0.322433981,0.21142233,30.55524078,0.047258252,0.327964078,0.100446602,0.227501942,174.0995369,50.59025437,0.816933981,18.72853592,12.21156408,0.70957767,0.141419417,0.064094175,0.332776699,0.013853398,0.06698932,0.040454369,0.233033981,-0.00431068,0.123194175,0.0527,0.278864078,0.014017476,0.201050485,FALSE
38,1008.201675,1,0.992808989,0.824951303,321.4157303,28.34821348,22.47007191,0.681925843,8.390150562,4.818238202,0.779788764,0.44194382,54.54009888,0.163285393,0.907251685,0.117955056,0.78928764,0.339550562,38.96801348,0.123667416,0.665435955,0.06187191,0.60358427,96.9914382,38.41114157,0.789849438,14.19506966,9.389175281,0.707593258,0.322038202,0.150191011,0.812350562,0.010022472,0.127042697,0.114420225,0.557155056,-0.111330337,0.314973034,0.149561798,0.781355056,0.042903371,0.285489888,TRUE
190,844.4472888,0.978810888,0.586246418,0.762272622,177.9276504,31.21756375,25.4613245,0.618373926,10.11021633,4.619856017,0.838045845,0.275825215,36.20186461,0.095472779,0.534959169,0.086356734,0.448570201,0.21387894,27.6849255,0.055217765,0.35030086,0.083,0.267304441,141.5145745,46.13744842,0.79544341,17.24015831,10.93914971,0.724320917,0.137987106,0.072893266,0.359582378,0.004303009,0.077381089,0.052837393,0.301863181,-0.005022923,0.115503582,0.059189828,0.291239255,0.004919054,0.223740688,FALSE
91,139.0452761,0.874209683,0.752741263,0.691598596,121.0888105,26.43445752,24.09650914,0.595392433,9.831703431,4.053767554,0.864943572,0.240341456,27.21193716,0.090460725,0.476125361,0.059083681,0.417039436,0.142920808,16.18403463,0.054460404,0.271,0.008627124,0.262383136,143.6642703,46.32550369,0.806379929,17.29350818,10.99168323,0.721191728,0.121420327,0.05772395,0.311852196,-0.019890029,0.061772684,0.051109651,0.280642193,-0.040863738,0.115602437,0.054659186,0.293800898,-0.005873677,0.187977878,TRUE
161,4628.401633,1,0.960558751,0.879842227,300.3097781,29.54801479,22.94175596,0.691416598,8.763842235,4.746930978,0.795431389,0.696009039,86.97743221,0.178423172,1.148506163,0.313156122,0.835343468,0.326324569,38.87484059,0.099624486,0.578036976,0.105209532,0.472806081,104.2084593,39.80882498,0.789535744,14.78841495,9.636819228,0.713832375,0.283649959,0.120290058,0.666006574,0.05562613,0.245870173,0.137419885,0.744672145,-0.005981101,0.267398521,0.114020542,0.608291701,0.070299096,0.27993673,FALSE
177,2862.524033,0.999662921,0.957699934,0.870321381,281.5102445,37.35499075,25.9122267,0.66528156,9.776725711,5.336111699,0.793369465,0.424760079,69.90705882,0.128876404,0.778949769,0.140025116,0.638931262,0.273365499,42.22397356,0.062105089,0.422661599,0.108170522,0.31448579,116.3365942,41.89492862,0.783399868,15.56862657,10.08128817,0.715846001,0.207018506,0.08888764,0.429153999,0.01569729,0.148717779,0.096687376,0.509962327,0.001744878,0.176290813,0.080140119,0.378923992,0.017173827,0.310698612,TRUE
15,4687.471207,1,1,0.887552567,348.8314176,29.39544828,22.63550958,0.698226054,8.630823755,4.728298851,0.791954023,0.48564751,59.59450958,0.126463602,0.82667433,0.216977011,0.609708812,0.229858238,28.01683908,0.073662835,0.409597701,0.036191571,0.373452107,93.88292337,37.70213027,0.786681992,14.05550192,9.072298851,0.718298851,0.204984674,0.075785441,0.454501916,0.009030651,0.191881226,0.101340996,0.538934866,-0.009429119,0.19202682,0.067724138,0.41291954,0.036478927,0.307643678,TRUE
164,966.1033593,1,0.366708385,0.704888048,196.4974969,28.75729036,23.09313267,0.658901752,8.747781602,4.746409887,0.795770338,0.276549437,34.66547559,0.108,0.569152065,0.061425532,0.507730914,0.252738423,28.60760513,0.083693367,0.44637234,0.066516896,0.379842303,129.36599,43.40988798,0.810696496,15.92994556,10.72286108,0.695961827,0.158585106,0.107612015,0.475722153,-0.004315394,0.075333542,0.062517522,0.350682728,-0.027872966,0.130125782,0.093190864,0.418958698,-0.003322904,0.222629537,TRUE
16,11114.0961,1,1,0.900391757,357.2185714,22.76475571,21.65293143,0.618444286,8.698237143,3.88174,0.855974286,0.583872857,58.41473429,0.16654,0.963148571,0.248871429,0.7143,0.220541429,22.37925571,0.098211429,0.428718571,-0.010732857,0.43946,89.73283857,37.64202143,0.771298571,14.24010286,8.760398571,0.744304286,0.171175714,0.082937143,0.441288571,-0.039138571,0.212934286,0.105034286,0.58965,0.010585714,0.152938571,0.065054286,0.37582,-0.001271429,0.251245714,TRUE
192,310.2471249,0.98458693,0.632387998,0.673066913,216.7916153,21.10549034,20.61297082,0.62893136,7.902930538,4.052518701,0.81846157,0.276748459,25.71635964,0.118528155,0.570268393,0.047395808,0.522881628,0.420536375,34.83076819,0.14012947,0.668041924,0.114708179,0.553328401,107.8643987,39.90547596,0.804552404,14.69036498,9.767142622,0.702171393,0.334561036,0.171922318,0.715975339,0.019806412,0.070292643,0.077919852,0.382590629,-0.081293054,0.310235512,0.163254007,0.680441019,0.023188245,0.206207152,FALSE
35,10493.29077,0.99834684,0.959805511,0.87432778,442.2123177,24.51330956,19.75705348,0.778930308,7.24508752,4.636849271,0.720079417,0.653954619,66.36391734,0.186061588,1.125119935,0.257113452,0.867990276,0.271150729,27.33820583,0.121528363,0.53463047,-0.040461912,0.575089141,70.35370989,32.45993355,0.808351702,11.93316856,8.081611021,0.685779579,0.228269044,0.130871961,0.608813614,-0.076828201,0.193008104,0.159672609,0.724113452,-0.060507293,0.201576985,0.118312804,0.55154295,-0.033118314,0.350356564,FALSE
93,129.8267575,0.988084112,0.824299065,0.746763879,282.0934579,21.68033178,20.74869159,0.641962617,8.068074766,4.050397196,0.822957944,0.299168224,28.10011215,0.121046729,0.606658879,0.054294393,0.552434579,0.251238318,23.6927757,0.090205607,0.445752336,0.036761682,0.408878505,97.52423832,38.46611682,0.793574766,14.29876636,9.293233645,0.71571028,0.184542056,0.090233645,0.455705607,-0.013228972,0.077411215,0.072182243,0.35821028,-0.053528037,0.161359813,0.074957944,0.388172897,-0.000476636,0.231794393,FALSE
2,10980.07983,0.999757258,0.991623037,0.887856811,355.2660638,29.43077535,22.97121514,0.676411709,8.633960019,4.876222751,0.786961447,0.473203237,60.73784864,0.155021894,0.873781533,0.143096621,0.730688244,0.178141361,22.55882247,0.086422656,0.373280343,-0.050718229,0.424019039,90.55825131,37.26210376,0.785410757,13.8073841,9.068100904,0.709232746,0.133915278,0.081027606,0.389796287,-0.068653498,0.143055688,0.106645407,0.55058496,-0.019512137,0.11171109,0.063093289,0.331886245,-0.027956211,0.31233603,TRUE
133,3544.682327,0.993797909,0.660859466,0.812949443,303.5087108,24.60614866,22.54020441,0.608211382,8.753216028,4.245229384,0.836854239,0.313331591,34.36845819,0.098067364,0.559204413,0.110066783,0.449118467,0.21168583,22.38371661,0.063272938,0.362261905,0.070898374,0.291365273,101.5741765,39.36108246,0.782212544,14.64008827,9.412594077,0.722286295,0.140339141,0.073542393,0.371030197,0.010929733,0.112407085,0.067739257,0.373704994,0.0025964,0.115626016,0.056864692,0.299008711,0.012797329,0.244670732,FALSE
97,1857.107168,0.803963134,0.999262673,0.862786737,331.2599078,25.4524682,21.12030138,0.710698618,8.071424885,4.443019355,0.78517788,0.327085714,34.73543041,0.120291244,0.657371429,0.082157604,0.57522212,0.143732719,15.18119263,0.069089401,0.305608295,-0.037584332,0.343186175,89.62505161,36.8692,0.793671889,13.69868756,8.948793548,0.711620276,0.131683871,0.067489401,0.339647926,-0.054694931,0.099785253,0.075073733,0.387291244,-0.03556682,0.126458986,0.063048848,0.320141014,-0.013803687,0.289442396,FALSE
14,805.8905799,0.983700589,0.984524811,0.855176308,242.6787216,27.05608326,22.47291085,0.668714045,8.750303616,4.422883095,0.814401177,0.391631623,45.58664844,0.124599664,0.713174937,0.137544996,0.575615643,0.207506308,24.20992262,0.071248949,0.367649285,0.027545837,0.340097561,112.3661766,41.16039865,0.795967199,15.31318839,9.921400336,0.714724138,0.166798991,0.071235492,0.384858705,-0.006802355,0.115526493,0.074430614,0.4181455,-0.021603869,0.15232296,0.062289319,0.347239697,0.013968881,0.241179142,TRUE
169,1455.893932,0.997875,0.426666667,0.704009979,166.5923611,30.22900764,22.69118681,0.727739583,8.607903472,4.915084722,0.766984028,0.389263194,51.91915486,0.111202083,0.633740972,0.145319444,0.488447222,0.311470139,38.51349375,0.073674306,0.463792361,0.135818056,0.32799375,133.3173403,43.90773403,0.825647917,16.03334653,10.99777986,0.682356944,0.218624306,0.115154861,0.489600694,0.012622917,0.07326875,0.074852778,0.37955,-0.032995139,0.188735417,0.097320139,0.437101389,0.014089583,0.233891667,TRUE
57,555.2282921,0.549443709,0.998940397,0.840304556,342.8754967,25.04058146,20.76244238,0.733592053,8.05734702,4.295301987,0.789327152,0.334725828,35.21823974,0.120988079,0.673590728,0.09267947,0.580899338,0.203472848,21.6133404,0.068782781,0.375372185,0.030046358,0.345369536,90.41660662,37.2569351,0.789749669,13.9794649,8.901242384,0.723944371,0.186047682,0.062109934,0.40061457,0.012474172,0.095737748,0.071550993,0.376818543,-0.040337748,0.178594702,0.054588079,0.360193377,0.044393377,0.279539073,TRUE
51,13445.6435,0.999126712,0.990410959,0.895613185,426.1335616,25.88438527,20.38484589,0.76682363,7.577746575,4.645011986,0.744231164,0.585496575,62.6258613,0.155650685,1.013167808,0.262878425,0.750282534,0.200554795,21.44319521,0.091964041,0.397368151,-0.049662671,0.447041096,73.86385103,33.47466267,0.798339041,12.39469007,8.215256849,0.701707192,0.159919521,0.084357877,0.409049658,-0.070924658,0.199796233,0.130398973,0.650501712,-0.008657534,0.136972603,0.067174658,0.350354452,-0.024693493,0.345804795,TRUE
22,29.05608718,0.98031451,0.889635454,0.668408049,219.15797,23.34022445,21.11906076,0.662807005,8.262482487,4.13352466,0.818883488,0.283340243,27.51304503,0.120059328,0.598629021,0.042011437,0.556639028,0.294554682,29.26945818,0.090945675,0.498451036,0.078601858,0.419867763,117.3791551,41.72707791,0.810187991,15.42081773,10.20434525,0.704400286,0.226248749,0.099403145,0.534065046,0.011563259,0.049604003,0.063704074,0.318212294,-0.085066476,0.208187991,0.090494639,0.492992137,0.0252802,0.204178699,FALSE
183,2642.307933,0.998875,0.972941176,0.864439338,328.1985294,28.17387353,23.03668603,0.645027206,8.585960294,4.829828676,0.791007353,0.314974265,37.56672426,0.114786765,0.637149265,0.085693382,0.551468382,0.205636765,23.82127647,0.057893382,0.346778676,0.070634559,0.276153676,97.93433235,38.47707059,0.784849265,14.21488309,9.361896324,0.710655147,0.148525735,0.073141176,0.354966176,0.005402206,0.107313971,0.071696324,0.390533824,-2.65E-05,0.124715441,0.062567647,0.297694853,0.006664706,0.285800735,TRUE
101,125.5778878,1,0.372151899,0.598161561,38.69198312,30.51500422,24.63121097,0.635708861,9.894008439,4.484957806,0.84564135,0.254493671,32.21092827,0.094666667,0.495177215,0.061814346,0.433345992,0.250949367,31.01635443,0.062194093,0.389270042,0.097270042,0.292021097,175.9253502,50.12425316,0.848299578,18.40282278,12.37774262,0.691016878,0.154084388,0.089666667,0.406514768,0.003147679,0.049978903,0.044780591,0.273092827,-0.024320675,0.133434599,0.07721097,0.358902954,0.003814346,0.173122363,FALSE
1,71.61304013,1,0.208959157,0.438119585,103.3050066,24.49808498,21.75393939,0.664923584,8.764860343,4.073619895,0.840240448,0.363766798,38.16479644,0.135661397,0.683378788,0.098799736,0.584596179,0.192153491,20.0025863,0.079971014,0.368670619,0.008119236,0.360560606,149.1605586,46.44266206,0.842536891,17.06469368,11.52419433,0.691140975,0.152378788,0.092557312,0.431607378,-0.033915679,0.047649539,0.060816864,0.32223386,-0.070471673,0.143590909,0.089319499,0.412248353,-0.014575758,0.167780632,TRUE
41,1082.988977,1,0.934975369,0.844055739,440.7512315,21.93847044,19.51907143,0.730891626,7.440477833,4.172948276,0.788098522,0.675027094,61.67035222,0.166600985,1.072280788,0.330660099,0.741583744,0.414610837,38.20500739,0.112847291,0.65417734,0.14037931,0.51379064,67.21457882,32.08923892,0.793174877,11.95840148,7.761972906,0.716428571,0.356756158,0.121184729,0.699711823,0.096371921,0.224280788,0.141206897,0.669135468,-0.031312808,0.327241379,0.107273399,0.641938424,0.121660099,0.331965517,TRUE
73,498.6842987,1,0.473053892,0.738064311,213.2994012,26.68364671,23.03391018,0.629017964,8.957994012,4.478107784,0.828401198,0.411904192,49.55232335,0.134419162,0.755538922,0.140754491,0.614814371,0.254520958,29.01530539,0.091976048,0.458449102,0.042167665,0.416269461,116.5751796,41.80192216,0.798149701,15.42919162,10.20864072,0.707071856,0.201473054,0.110431138,0.509526946,-0.004598802,0.102197605,0.085371257,0.448053892,-0.044143713,0.184616766,0.103850299,0.480658683,0.012532934,0.232263473,TRUE
187,32914.0911,0.988409091,0.923510972,0.891985235,425.1575235,28.86398824,22.63564812,0.692132445,8.292449843,4.962445141,0.766800157,0.522164577,62.69726019,0.131212382,0.84477116,0.238504702,0.606262539,0.120237461,14.09385737,0.054007837,0.257509404,-0.003612069,0.26112931,77.956279,34.45363558,0.787061129,12.70554702,8.436866771,0.703677116,0.090170063,0.057155172,0.267079154,-0.0249279,0.208373824,0.119475705,0.576738245,0.019967085,0.073358934,0.048746082,0.22087069,-0.018778997,0.359820533,TRUE
159,8660.627934,0.995758256,0.995639628,0.890622831,345.1849952,26.83368259,22.74249599,0.625735813,8.488247195,4.681072139,0.804335685,0.366360051,41.15048605,0.100665277,0.630339532,0.165662071,0.464684514,0.192725232,21.13414011,0.052028855,0.316147483,0.072157102,0.243980763,92.93149984,37.59301571,0.779743508,13.91352228,9.094887143,0.715996473,0.152105162,0.062494069,0.327631613,0.017452389,0.164837127,0.075567169,0.422321577,0.022117987,0.135584482,0.056014748,0.28922892,0.019598589,0.279975633,TRUE
66,521.1459565,0.959956603,0.98016119,0.817637483,215.900806,36.27848295,26.10558834,0.63049845,9.894309361,5.235094854,0.807369498,0.352365158,56.51042591,0.11434098,0.670397396,0.111609423,0.558784253,0.330895226,51.13326348,0.073905146,0.507208308,0.141419095,0.365774334,130.3118593,44.12598326,0.785274024,16.34510353,10.64797396,0.714882207,0.281977061,0.082980161,0.52166832,0.083913205,0.112846249,0.080924365,0.427579045,-0.043404836,0.261254185,0.073349039,0.475639802,0.092518289,0.269084935,TRUE
49,1264.308087,0.998472821,0.963071613,0.848496057,294.3183779,34.36652632,24.41207506,0.687762295,9.039694564,5.318130716,0.770151424,0.409327869,59.31693443,0.132370147,0.783767041,0.128651424,0.655116911,0.273187662,38.98707334,0.075100949,0.449702761,0.069833909,0.379900777,104.1648011,39.67494953,0.788409836,14.63885634,9.712334771,0.704949094,0.234863244,0.086666091,0.473,0.018000863,0.148004745,0.093088007,0.491340811,-0.027136324,0.216922347,0.081456428,0.439359362,0.03636195,0.318341242,TRUE
186,1256.025045,0.897602339,0.9582846,0.850919454,287.9415205,26.74933382,22.79479825,0.654029727,8.913753411,4.369876218,0.824823587,0.319370858,35.26159747,0.100073099,0.57832115,0.116000975,0.462315789,0.235357212,25.74245809,0.055701754,0.365268031,0.100451754,0.264817739,103.8297139,39.7460078,0.784460039,14.90036014,9.413395712,0.729132554,0.19044347,0.069384016,0.379225146,0.027025828,0.108795809,0.066580409,0.359474659,-0.007459064,0.174352339,0.064401072,0.340880604,0.028895224,0.267307505,FALSE
4,165.2302138,0.901734104,0.985613359,0.814295597,417.2157996,24.07342453,20.39562781,0.72686641,7.737229608,4.377509634,0.775389531,0.398246949,39.66739981,0.176867052,0.895818882,0.059836224,0.835975273,0.310423892,31.0588799,0.111216763,0.56601413,0.029794798,0.536226397,76.27820006,34.22480861,0.79080957,12.74371612,8.287434811,0.713138086,0.263192036,0.111074502,0.583968208,-0.009242775,0.081516057,0.102642261,0.494678548,-0.081669236,0.240765896,0.100062299,0.527357418,0.030733141,0.314815992,FALSE
104,443.6387685,0.869518569,0.993554726,0.842639391,146.6793083,30.99635213,23.68062645,0.687222637,9.520307133,4.532046768,0.836124779,0.328584005,42.33938023,0.108782275,0.612313421,0.104140892,0.508170957,0.233259186,30.10978837,0.050308705,0.351234427,0.100348595,0.250884653,156.9914087,47.89070348,0.830030458,17.75233071,11.69173806,0.710255453,0.172025545,0.062897033,0.360314011,0.023954804,0.064423855,0.048133032,0.300226371,-0.020101592,0.156465121,0.054316958,0.314271959,0.025410493,0.197255256,TRUE
31,247.8678049,0.980875,0.998,0.83932665,287.735,31.40735,23.68146,0.67765,8.7691275,5.06194,0.7774075,0.3757225,48.7189225,0.10692,0.6901475,0.1592975,0.53086,0.36536,47.8987175,0.06932,0.5350475,0.186935,0.3481075,104.3021475,39.6896075,0.785505,14.6799525,9.643965,0.7116175,0.3222075,0.0765625,0.546215,0.1205625,0.1510425,0.08454,0.438335,-0.02703,0.303455,0.0694375,0.497105,0.1307225,0.2932475,FALSE
137,7551.803854,0.993135346,0.9781889,0.888872254,336.6421616,31.9420852,23.78418257,0.682126095,8.822386076,5.10502483,0.773728822,0.396354917,53.38915871,0.103976144,0.678383642,0.171479552,0.506912853,0.21806037,28.73379163,0.053760954,0.357220545,0.088751704,0.268470302,96.45799903,38.28267381,0.783953749,14.18444304,9.285031646,0.71203408,0.167772639,0.065581305,0.361909932,0.022814995,0.180402629,0.086948393,0.474666991,0.020469328,0.143202532,0.054799416,0.300158228,0.024045764,0.321836417,TRUE
68,337.4871666,0.798873239,0.996244131,0.835077746,232.1619718,30.87489906,23.47816432,0.674415493,8.804443662,4.949875587,0.78485446,0.307650235,38.26514319,0.109159624,0.603943662,0.082838028,0.521126761,0.209992958,26.59187793,0.066558685,0.371370892,0.045558685,0.325856808,120.1494859,42.30707746,0.798711268,15.58637559,10.37486854,0.703849765,0.176370892,0.072957746,0.421070423,0.00991784,0.086962441,0.064467136,0.348730047,-0.046697183,0.164953052,0.067882629,0.393805164,0.025535211,0.249751174,TRUE
54,505.8158101,0.985783972,0.97630662,0.839762979,293.9651568,26.16349129,21.23522997,0.706076655,7.933515679,4.624825784,0.766212544,0.400609756,41.89613937,0.154623693,0.81516899,0.092250871,0.722902439,0.242639373,25.84623171,0.090587108,0.452001742,0.01293554,0.43906446,100.4976655,38.79471777,0.802,14.26724216,9.584374564,0.69469338,0.214463415,0.094585366,0.540940767,-0.017062718,0.103656794,0.088029617,0.474270035,-0.064045296,0.205175958,0.087351916,0.501445993,0.030393728,0.254019164,TRUE
155,1889.631461,0.930972616,0.886433743,0.842413617,263.2694366,31.92010954,24.0767611,0.650262512,8.867877872,5.17112559,0.780665093,0.242679257,31.70706736,0.094241737,0.514696569,0.061480957,0.45323135,0.162757003,20.84128864,0.05160875,0.298130626,0.049358514,0.24876802,114.9053019,41.48043941,0.787230091,15.26141171,10.14281398,0.708373623,0.128062008,0.05850299,0.310373623,0.005897073,0.085389991,0.055063897,0.313991501,-0.003928864,0.115261253,0.052769279,0.266236072,0.007252754,0.269215297,TRUE
182,449.489027,0.50065659,0.994331601,0.823597364,108.8842702,28.36234058,23.98359471,0.641825224,9.770811998,4.182653283,0.851532829,0.321106755,36.96826027,0.104674067,0.568611715,0.123228625,0.445375531,0.223797827,26.15436183,0.040544166,0.316665564,0.125520076,0.191141238,156.742504,47.9271932,0.825647615,17.82391734,11.50906566,0.71040718,0.20731129,0.045401984,0.33477043,0.075470949,0.084604629,0.044827586,0.291872461,0.001760983,0.203273028,0.043182806,0.311210675,0.078550307,0.183199811,FALSE
10,1674.876312,0.353505291,0.999294533,0.855287989,377.239418,25.900444,23.23994444,0.615804674,9.317354497,4.062285273,0.849369489,0.335487213,35.98765079,0.112066138,0.641688713,0.101369489,0.540309965,0.199358466,21.65300176,0.071069224,0.369385802,0.023682981,0.345700176,85.95578395,37.19237698,0.758674603,14.20277822,8.408938713,0.75415873,0.178271164,0.068261905,0.392741182,-0.002134039,0.13631746,0.085479718,0.435149471,-0.031440476,0.169129189,0.063598765,0.369426367,0.01851455,0.292398589,TRUE
175,174.3484589,0.997502449,0.873849167,0.763229383,64.62144956,28.88325318,23.39458668,0.662151322,9.162216454,4.507610676,0.818209598,0.31439618,38.29161019,0.099966699,0.565969638,0.112307052,0.453678746,0.215679726,26.7297713,0.064049461,0.360333007,0.068188541,0.292141038,155.4045818,47.17544662,0.837204701,17.28114594,11.68724535,0.686885896,0.172742899,0.080765916,0.401600392,0.013704701,0.081111655,0.062483839,0.330308031,-0.029156709,0.16077669,0.076426053,0.376541136,0.016692948,0.186479432,FALSE
11,7727.854445,0.9575,1,0.87785787,405.2407407,25.39477778,21.64666667,0.675203704,8.178490741,4.52287037,0.796296296,0.574351852,60.67344444,0.168462963,1.0085,0.231351852,0.777259259,0.312777778,33.68384259,0.096518519,0.522740741,0.06262963,0.460166667,79.25535185,35.05313889,0.783138889,13.02915741,8.470481481,0.715824074,0.268759259,0.093990741,0.533027778,0.019111111,0.213574074,0.124851852,0.651611111,-0.016268519,0.24687037,0.081222222,0.475277778,0.048490741,0.313861111,TRUE
96,432.8984675,1,0.208,0.4080584,133.41,25.504035,20.35519,0.771355,7.8283,4.476815,0.76326,0.417455,45.056515,0.13346,0.74295,0.14623,0.59674,0.206595,22.49931,0.08121,0.37539,0.009195,0.36622,126.604505,42.86364,0.836745,15.637455,10.79844,0.67566,0.124845,0.083585,0.388225,-0.03269,0.06312,0.06545,0.359595,-0.04081,0.10172,0.066635,0.33808,-0.0159,0.20864,FALSE
117,1538.628015,0.937935484,0.99827957,0.871759237,175.2032258,29.44573763,24.23205054,0.62822043,9.388174194,4.677905376,0.824053763,0.342291398,42.33657204,0.097466667,0.596708602,0.154523656,0.442197849,0.168339785,20.02226452,0.052552688,0.292012903,0.051086022,0.240968817,133.6952215,44.71910968,0.799045161,16.58534194,10.78761075,0.716443011,0.163511828,0.065478495,0.330043011,0.01427957,0.129260215,0.064331183,0.368591398,0.010066667,0.161835484,0.06587957,0.319022581,0.018053763,0.222806452,FALSE
55,7962.857164,1,0.906456412,0.87162324,269.5310919,29.89324278,23.5741089,0.648746802,8.751929188,4.982951503,0.78836388,0.356108301,47.01488099,0.107681345,0.647780422,0.134210057,0.513567391,0.167307944,21.71768611,0.061559655,0.313137162,0.011895567,0.301234454,109.1059851,40.44412943,0.791717048,14.87877447,9.925679857,0.703916096,0.129651294,0.066234454,0.335989884,-0.017059506,0.143590598,0.073777745,0.419024398,8.99E-05,0.114475454,0.057980661,0.30077953,-0.001593573,0.269554299,TRUE
149,1655.835357,1,0.679410216,0.790913686,190.8341232,28.97481885,23.44109531,0.665214323,9.083797262,4.651321748,0.813229595,0.35831069,43.34191943,0.112839389,0.655803581,0.142104792,0.513704581,0.203304371,23.86306056,0.054311216,0.332899947,0.077673512,0.255228541,119.9822844,42.45893049,0.796737757,15.75919221,10.26398526,0.715256451,0.161233281,0.06905108,0.352888889,0.017530806,0.107797788,0.067230121,0.370416008,0.0006198,0.148430226,0.064918905,0.322387046,0.020139547,0.24774039,FALSE
171,351.3054088,1,0.22962963,0.584478796,100.2407407,22.26062037,21.34787963,0.630722222,8.515361111,3.924740741,0.845990741,0.310351852,29.96187037,0.120944444,0.601814815,0.079907407,0.521925926,0.255027778,23.29118519,0.074796296,0.402805556,0.075685185,0.327157407,136.8683889,44.59005556,0.832138889,16.34768519,11.03603704,0.691740741,0.171416667,0.100092593,0.42412963,0.0025,0.068962963,0.05837963,0.341638889,-0.023833333,0.154037037,0.092083333,0.390351852,0.004601852,0.168925926,FALSE
45,498.2429779,1,0.2,0.348693158,139.2105263,25.50868421,21.17810526,0.713789474,8.291526316,4.335473684,0.806947368,0.437526316,48.30221053,0.142789474,0.765210526,0.139736842,0.625315789,0.220421053,24.33084211,0.088,0.403421053,0.003789474,0.399421053,140.1993158,45.16526316,0.836105263,16.52231579,11.26510526,0.691526316,0.132578947,0.082157895,0.412631579,-0.034947368,0.064894737,0.064631579,0.371105263,-0.040842105,0.111,0.061789474,0.351210526,-0.011789474,0.183368421,FALSE
154,81.26319445,1,0.51971831,0.627957053,67.35492958,24.64613873,22.80009014,0.621889437,9.264454225,3.975570775,0.850477113,0.225562676,23.26506197,0.104188732,0.513066549,0.031832394,0.481242254,0.222884859,22.27776056,0.076823592,0.404074648,0.049472183,0.354594014,165.4674919,48.71264613,0.848058099,17.946325,11.91028028,0.694152465,0.145915845,0.087967254,0.429577113,-0.007039437,0.046733099,0.048991197,0.291794014,-0.045589789,0.131560563,0.079919014,0.385195775,-0.00543662,0.150055986,FALSE
58,1375.366236,0.801862069,0.983448276,0.864804621,280.8022989,27.28546207,21.56902069,0.733613793,8.535645977,4.353055172,0.815891954,0.438537931,50.31756782,0.131650575,0.783103448,0.170882759,0.612206897,0.173682759,19.84527816,0.066593103,0.324664368,-0.004731034,0.329393103,107.0249057,40.30816322,0.797356322,15.09006667,9.687714943,0.723588506,0.145535632,0.056052874,0.335675862,-0.018252874,0.099675862,0.071468966,0.410650575,-0.021921839,0.134889655,0.045526437,0.303266667,0.018728736,0.260018391,TRUE
129,315.7670299,0.975896347,0.989578023,0.830700011,161.6998018,31.68467318,23.60588304,0.699499292,8.78365902,5.158914472,0.76825885,0.256640895,33.55805324,0.096560748,0.5351855,0.066775701,0.468402152,0.2120371,27.25136732,0.054143302,0.347146984,0.089276692,0.25785868,137.9077972,44.79917672,0.821121495,16.35652025,11.19473152,0.68742311,0.202387992,0.075491645,0.394954687,0.025432172,0.075361937,0.054338714,0.300054376,-0.027625602,0.199245823,0.076774568,0.385119796,0.026925234,0.234297933,FALSE
170,78.34888618,0.883802817,0.736713615,0.699966357,11.80093897,40.3432892,27.28003052,0.676737559,10.31767746,5.662215493,0.782640376,0.166791549,27.13809953,0.056224413,0.316067136,0.050324413,0.265739437,0.159001878,25.79810376,0.035655869,0.252074178,0.073469484,0.178599061,215.6861977,54.53543568,0.883574178,19.56554742,14.12373897,0.637015023,0.137292488,0.049771831,0.292155869,0.012284038,0.042265728,0.036303286,0.194676056,-0.027689671,0.132794366,0.049452582,0.280718779,0.012750235,0.181186854,FALSE
5,235.937996,0.998440367,0.725993884,0.736994709,273.0825688,19.4613792,19.00291743,0.690620795,7.448938838,3.796688073,0.818633028,0.51470948,42.84714373,0.175116208,0.897764526,0.161642202,0.736067278,0.313629969,26.20893272,0.107201835,0.530905199,0.068755352,0.462186544,94.7526208,37.99577982,0.79966055,14.07543731,9.270697248,0.709700306,0.261889908,0.109547401,0.598134557,0.022174312,0.095788991,0.093006116,0.488984709,-0.076082569,0.246495413,0.098409786,0.555278287,0.049712538,0.209813456,FALSE
135,1131.723829,0.945075922,0.855965293,0.826139892,209.4793926,28.95550759,21.92764859,0.752876356,8.39845987,4.72781128,0.775312364,0.357859002,42.52424078,0.09183731,0.57632538,0.167503254,0.408822126,0.219184382,25.96557267,0.044804772,0.325249458,0.10932321,0.215898048,118.9565922,41.79522993,0.814154013,15.40533406,10.31704338,0.699095445,0.162308026,0.056744035,0.331334056,0.042939262,0.101286334,0.055913232,0.327097614,0.013657267,0.14278308,0.044232104,0.27191757,0.043774403,0.252501085,FALSE
116,394.1201186,1,0.386407767,0.654291068,82.13592233,29.84726214,23.08528155,0.702427184,9.006757282,4.684300971,0.80268932,0.306563107,38.70592233,0.097194175,0.539456311,0.109184466,0.430320388,0.206203883,24.97509709,0.05131068,0.322330097,0.082669903,0.239543689,163.0758641,48.16497087,0.853446602,17.52894175,12.1467767,0.673776699,0.139864078,0.071582524,0.341961165,0.004,0.058708738,0.046378641,0.273475728,-0.014699029,0.124553398,0.064038835,0.307873786,0.004485437,0.182601942,FALSE
48,688.5553604,0.882522852,0.997806216,0.851990521,347.3921389,22.96899909,21.25448355,0.645023766,8.329149909,4.075189214,0.826073126,0.289151737,28.24127788,0.110698355,0.585723035,0.067340951,0.518369287,0.182084095,17.76337934,0.065994516,0.333482633,0.016518282,0.316948812,88.78332633,37.19070018,0.779364717,13.95572303,8.813933272,0.728805302,0.156634369,0.066563985,0.354992687,-0.01638574,0.092393967,0.070659963,0.365087751,-0.037781536,0.14691042,0.061474406,0.328977148,0.00200457,0.256786106,TRUE
80,1492.798963,0.995255814,0.974697674,0.855694065,309.575814,34.22969209,23.65861581,0.722837209,8.666812093,5.440407442,0.737985116,0.313050233,46.91455442,0.127916279,0.698902326,0.062426977,0.636473488,0.188128372,26.47168465,0.075273488,0.37736093,-0.01247907,0.389836279,104.160973,39.58488093,0.799206512,14.51540186,9.858426977,0.687779535,0.147557209,0.076122791,0.39035907,-0.040307907,0.094675349,0.071122791,0.376916279,-0.02964186,0.128653023,0.06511814,0.339066977,-0.004218605,0.312786977,FALSE
7,1061.587914,0.981855146,0.998475222,0.859639327,495.3481576,19.8899479,17.81833227,0.796905337,6.652411055,4.086353875,0.72556925,0.681202668,53.93756734,0.194465057,1.155590851,0.285099746,0.870495553,0.341993647,28.33011372,0.130543202,0.60578526,0.024134689,0.58165756,65.2104587,31.16987929,0.809450445,11.52055527,7.702952986,0.691327192,0.295930114,0.121159466,0.63807878,-0.008442186,0.172355781,0.141452351,0.656889454,-0.050440915,0.271280813,0.101135959,0.557131512,0.047280813,0.312287166,TRUE
56,1141.825182,0.957391304,0.997271952,0.869802532,360.6376812,28.46480392,22.30841773,0.709667519,8.297929241,4.88213555,0.7721526,0.454235294,54.69422506,0.143060529,0.840303495,0.16141688,0.678889173,0.255649616,30.6768977,0.072858483,0.428218244,0.062481671,0.365751918,87.96933248,36.77959591,0.784051151,13.63167775,8.93471867,0.712751918,0.217012788,0.069163683,0.43573572,0.036613811,0.133476556,0.098069054,0.5078815,-0.023456948,0.19757971,0.056802217,0.39071867,0.061888321,0.31971867,FALSE
185,1620.96049,0.984523994,0.853250774,0.827287999,265.1911765,29.14173026,23.50199381,0.64882082,8.865693498,4.83902322,0.796530186,0.346110681,43.50780766,0.118845201,0.657320046,0.117260062,0.540067337,0.260123839,30.35832779,0.078493808,0.433359907,0.081713235,0.351640093,115.216519,41.48390867,0.795352167,15.29131695,10.14511029,0.704299536,0.178852941,0.104032508,0.457869969,0.005821981,0.094280186,0.073444659,0.385377322,-0.009838622,0.150575464,0.091739938,0.404036765,0.00848839,0.25286726,TRUE
18,805.2638146,0.993976378,0.234645669,0.500437913,79.71653543,24.95205118,21.57347244,0.677535433,8.329279528,4.356688976,0.796035433,0.277948819,29.08735039,0.09665748,0.520948819,0.079783465,0.441137795,0.147011811,15.91379921,0.05930315,0.279106299,0.00269685,0.276429134,153.3396732,46.67815354,0.853299213,16.90790157,11.8213622,0.662716535,0.10973622,0.059633858,0.320082677,-0.026996063,0.073700787,0.049503937,0.296094488,-0.03496063,0.101913386,0.053531496,0.29753937,-0.010937008,0.161681102,TRUE
174,190.5536874,0.594862006,0.972769089,0.804951564,151.5367985,26.37207498,22.00077967,0.690062098,8.827581877,4.240648574,0.837075437,0.227932383,24.89075207,0.078735511,0.431579117,0.06424747,0.367333947,0.207425943,22.61209752,0.04824287,0.323296228,0.087921803,0.235372125,146.2336914,46.36156946,0.830601196,17.18138546,11.33624747,0.711486661,0.150849586,0.063203772,0.335522079,0.00648896,0.048864765,0.037552438,0.217764949,-0.021707452,0.137662833,0.057791628,0.306395124,0.006645354,0.182631095,FALSE
40,768.5621598,0.999294606,1,0.863523001,383.6279391,24.78560028,20.40860996,0.739047026,7.675360996,4.467987552,0.769200553,0.634099585,64.42360858,0.179640387,1.102360996,0.273015214,0.829337483,0.401280775,40.63192393,0.111257261,0.655572614,0.127536653,0.528029046,83.02551729,35.60147441,0.794733057,13.18813831,8.710283541,0.704864454,0.378399723,0.117373444,0.734840941,0.092683264,0.201271093,0.127677732,0.652384509,-0.050049793,0.368984786,0.112387275,0.705142462,0.14240249,0.292806362,TRUE
76,1770.505782,0.992816901,0.981971831,0.86783138,457.7690141,22.92393239,18.34275493,0.853859155,6.762938028,4.475605634,0.688549296,0.660723944,63.58429014,0.163692958,1.066785915,0.304397183,0.762425352,0.314625352,29.9232507,0.109312676,0.534323944,0.022543662,0.511777465,67.89685915,31.8106507,0.816529577,11.73227042,7.918256338,0.684735211,0.273994366,0.101847887,0.552816901,-0.003107042,0.173011268,0.127391549,0.618808451,-0.034842254,0.2506,0.083783099,0.496498592,0.0544,0.343416901,TRUE
53,10729.21821,0.992965517,0.933793103,0.872900877,338.08867,32.40138818,23.01727882,0.740692611,8.513460099,5.196202956,0.74989064,0.41282266,56.32973498,0.124114286,0.764720197,0.149712315,0.614987192,0.157050246,21.18711232,0.065248276,0.31788867,-0.026898522,0.344803941,90.83446601,37.12790345,0.791096552,13.75472217,9.058071921,0.707654187,0.138898522,0.06293399,0.334069951,-0.046025616,0.151184236,0.096169458,0.493873892,-0.018802956,0.128865025,0.057175369,0.3084,-0.01209064,0.351557635,TRUE
181,1211.212212,1,0.697761535,0.77139519,166.3343993,32.28887117,23.55211786,0.718695751,8.988834171,5.023718136,0.777756967,0.38420466,53.9055788,0.105117862,0.619726816,0.151823207,0.467889447,0.304138419,40.42959388,0.060660576,0.434918684,0.15160667,0.283315212,139.9787519,44.9495217,0.825105071,16.44982503,11.22306076,0.686706259,0.208636364,0.101048424,0.453844678,0.014191412,0.081405208,0.070779351,0.366648698,-0.021960256,0.178031978,0.086827318,0.405446779,0.014647784,0.237406122,TRUE
132,3006.85883,0.998954918,0.48852459,0.764380963,324.522541,25.53878279,20.38534631,0.764305328,7.712459016,4.54914959,0.761692623,0.399780738,43.27152254,0.101497951,0.630206967,0.172770492,0.457415984,0.225754098,24.3824959,0.061831967,0.35617418,0.064168033,0.292014344,95.1553832,37.89868238,0.800598361,14.03073566,9.284223361,0.706493852,0.133778689,0.081370902,0.358522541,-0.001086066,0.094061475,0.07194877,0.373795082,-0.000338115,0.096108607,0.052790984,0.26639959,0.000760246,0.273497951,TRUE
64,2725.267901,0.999683426,0.998013656,0.883032874,353.9149597,30.68660273,23.65560894,0.654111732,8.760907511,5.012504035,0.785963377,0.55564432,73.18147052,0.157755431,0.971827436,0.219647424,0.752165736,0.347854128,45.85253321,0.097154562,0.564216015,0.093664804,0.470551831,90.6316617,37.17493172,0.780556176,13.75768777,9.021463066,0.711659839,0.284551831,0.106565487,0.574993793,0.033954066,0.23811049,0.129273743,0.677504655,-0.005348852,0.251184978,0.0917964,0.514137182,0.051697083,0.322353818,FALSE
62,38025.68802,0.603571429,0.998319328,0.902491912,242.6680672,28.99171429,22.83844538,0.678331933,8.526802521,4.81912605,0.787012605,0.557403361,67.41070588,0.08360084,0.775331933,0.366960084,0.408348739,0.205285714,24.94083824,0.053710084,0.329787815,0.065445378,0.264346639,110.5941933,40.49657143,0.799329832,14.90037185,9.929243697,0.704155462,0.169581933,0.058686975,0.353212185,0.027443277,0.3645,0.081844538,0.604758403,0.146815126,0.157682773,0.052092437,0.330955882,0.036258403,0.265894958,TRUE
